-- phpMyAdmin SQL Dump
-- version 4.9.1
-- https://www.phpmyadmin.net/
--
-- Host: localhost
-- Generation Time: Dec 03, 2019 at 02:16 PM
-- Server version: 10.4.8-MariaDB
-- PHP Version: 7.3.10

SET SQL_MODE = "NO_AUTO_VALUE_ON_ZERO";
SET AUTOCOMMIT = 0;
START TRANSACTION;
SET time_zone = "+00:00";


/*!40101 SET @OLD_CHARACTER_SET_CLIENT=@@CHARACTER_SET_CLIENT */;
/*!40101 SET @OLD_CHARACTER_SET_RESULTS=@@CHARACTER_SET_RESULTS */;
/*!40101 SET @OLD_COLLATION_CONNECTION=@@COLLATION_CONNECTION */;
/*!40101 SET NAMES utf8mb4 */;

--
-- Database: `Fly_Emarites`
--

-- --------------------------------------------------------

--
-- Table structure for table `aircraft`
--

CREATE TABLE `aircraft` (
  `Aircraft_ID` bigint(20) NOT NULL,
  `Aircraft_Number` varchar(500) DEFAULT NULL,
  `Aircraft_Capacity` int(11) DEFAULT NULL
) ENGINE=InnoDB DEFAULT CHARSET=latin1;

--
-- Dumping data for table `aircraft`
--

INSERT INTO `aircraft` (`Aircraft_ID`, `Aircraft_Number`, `Aircraft_Capacity`) VALUES
(1, 'wG0efTn', 460),
(2, 'tp8hksx', 393),
(3, 'AvWrWhT', 157),
(4, 'dB8fAlt', 254),
(5, 'mlFtzgT', 189),
(6, 'B7HDSzr', 272),
(7, 'wnaHTUK', 196),
(8, 'wrAeVHy', 146),
(9, '6m49mDz', 311),
(10, 'bJpZaQ1', 380),
(11, 'TjtXLlD', 221),
(12, 'a17Ifz2', 495),
(13, 'I9Hp4sw', 420),
(14, 'x6qJoux', 328),
(15, '0XKvYb6', 239),
(16, 'injvFr8', 370),
(17, 'RwQbILs', 364),
(18, 'xAjP53m', 395),
(19, 'DaRIoGf', 412),
(20, 'DxHRJAn', 139),
(21, '7E22eWY', 392),
(22, 'oj8X1qY', 392),
(23, 'A3soZ07', 167),
(24, 'RiXUEac', 448),
(25, 'XcR1AuL', 399),
(26, 'CmdFIH0', 254),
(27, 'YbRPR8r', 143),
(28, 'Gsk59Dl', 191),
(29, 'GLAZZho', 203),
(30, 'rClwW1C', 164),
(31, 'sB6mJMe', 273),
(32, 'vKuSJQq', 541),
(33, 'BP86Hb7', 476),
(34, 'xChPW4u', 199),
(35, 'paM7G9E', 504),
(36, 'qlnOxVF', 289),
(37, 'VmvG3FD', 219),
(38, 'EFyGoPC', 476),
(39, 'ZfntEt2', 107),
(40, 'LEQfxsD', 294),
(41, '6G4uJnV', 354),
(42, 'X43AK7P', 290),
(43, 'ixzRsWW', 371),
(44, 'ts5zzhe', 251),
(45, 'CWKhUSr', 442),
(46, 'JCVJz21', 187),
(47, 'yy7A2vt', 357),
(48, 'tRAargu', 474),
(49, 'ah8xxrG', 210),
(50, 'FDIpANw', 481),
(51, '1sAAjed', 215),
(52, 'njyCRQE', 376),
(53, 'SftR3EZ', 137),
(54, 'sq4znDk', 329),
(55, 'eJj9fuQ', 512),
(56, 'ErKN3D8', 464),
(57, '9fXedf7', 450),
(58, 'S4S3knn', 350),
(59, '9RiIrEH', 342),
(60, 'PyMM3MM', 391),
(61, 'rF0IqFD', 542),
(62, 'LwqlbXV', 290),
(63, 'DlNmf0H', 502),
(64, 'XyPpSu3', 137),
(65, 'rmLfwf2', 501),
(66, 'Oi65YfG', 484),
(67, 'dvJS8kJ', 483),
(68, '76u1zYr', 289),
(69, '2j4yLzo', 340),
(70, 'sTX73Mf', 489),
(71, 'sXMgllI', 138),
(72, 'dTh0uBE', 470),
(73, '1fCylRp', 377),
(74, 'HlkoMM8', 438),
(75, 'a1JbMK0', 218),
(76, 'bxV2Syx', 403),
(77, 'PiFYJrR', 287),
(78, 'siZ9Ad3', 210),
(79, 'VwZ21mn', 402),
(80, 'pvWx5xV', 228),
(81, 'y3YoGkm', 425),
(82, 'kstnu0Q', 528),
(83, '4FgfY4y', 381),
(84, '4ZsYUdf', 506),
(85, 'NGLHFOJ', 438),
(86, 'KpSJ2A5', 463),
(87, 'eZ30Qz4', 499),
(88, 'Euur1OZ', 139),
(89, 'NyZnoJ2', 394),
(90, '5vVsmpv', 501),
(91, 'd335koo', 269),
(92, 'MRCUec4', 516),
(93, 'QL6DkSK', 244),
(94, 'gN4fdLR', 276),
(95, '90N7Ueg', 344),
(96, 'KBbXHhL', 305),
(97, '1ZcatrT', 175),
(98, 'tiYWuJ4', 98),
(99, 'AmVnO6l', 443),
(100, 'pX2j0wN', 542),
(101, 'CbnDt1q', 217),
(102, 'hCNvGJy', 102),
(103, 'GZXeLhO', 505),
(104, 'ypvVzuU', 520),
(105, 'UYUSf1R', 155),
(106, '6EGMszp', 323),
(107, 'i0caZtx', 314),
(108, 'MtPDFUc', 449),
(109, 'rRbrzfg', 202),
(110, 'IOhHbCL', 533),
(111, '9Px8R3g', 360),
(112, 'kzGvlOD', 375),
(113, 'lTebY8q', 111),
(114, 'UNSLMqD', 162),
(115, 'hRD0hdf', 456),
(116, 'u0H9Zun', 502),
(117, 'K4fHhuk', 102),
(118, 'juoDkUY', 501),
(119, 'w6OUKNF', 150),
(120, 'xqrh1rn', 350),
(121, 'jYBSK5m', 448),
(122, 'qBRwzcM', 278),
(123, 'cNMdgTt', 527),
(124, 'yXU0DCK', 486),
(125, 'GEdMTGt', 480),
(126, 'UbnI6SS', 248),
(127, 'eRFneKD', 206),
(128, 'oDdxlvt', 386),
(129, '1Zqv8AF', 249),
(130, 'dVIEqkB', 321),
(131, 'E8Wv7gX', 518),
(132, 'BNhQm5P', 348),
(133, 's8RhmhX', 307),
(134, 'LtKIB9j', 117),
(135, 'B8smY7r', 241),
(136, 'Bttuczt', 339),
(137, 'FjWrTe2', 333),
(138, 'l3kNWP4', 104),
(139, 'odOoNmK', 432),
(140, 'R6f2xmB', 248),
(141, 'AmCbn1u', 335),
(142, 'FLBfXe8', 442),
(143, 'yrF8lEU', 301),
(144, 'YlaW89t', 535),
(145, '2OMuMcY', 451),
(146, 'tqjBlpX', 451),
(147, '8tDFgCt', 518),
(148, 'RjDBbXi', 128),
(149, 'cCnIRNj', 251),
(150, 'SSO5eT1', 421);

-- --------------------------------------------------------

--
-- Table structure for table `airfare`
--

CREATE TABLE `airfare` (
  `Airfare_Id` bigint(20) NOT NULL,
  `Route_Id` int(11) DEFAULT NULL,
  `Airfare_currency` varchar(500) DEFAULT NULL
) ENGINE=InnoDB DEFAULT CHARSET=latin1;

--
-- Dumping data for table `airfare`
--

INSERT INTO `airfare` (`Airfare_Id`, `Route_Id`, `Airfare_currency`) VALUES
(1, 2, 'Yuan Renminbi'),
(2, 104, 'Yuan Renminbi'),
(3, 58, 'Yuan Renminbi'),
(4, 85, 'Forint'),
(5, 7, 'Rupiah'),
(6, 5, 'Rupiah'),
(7, 141, 'Euro'),
(8, 42, 'Dollar'),
(9, 86, 'Rial'),
(10, 1, 'Ruble'),
(11, 16, 'Peso'),
(12, 114, 'Euro'),
(13, 55, 'Yuan Renminbi'),
(14, 77, 'Denar'),
(15, 48, 'Yuan Renminbi'),
(16, 62, 'Yuan Renminbi'),
(17, 17, 'Rupiah'),
(18, 1, 'Yuan Renminbi'),
(19, 75, 'Yuan Renminbi'),
(20, 86, 'Krona'),
(21, 150, 'Rupiah'),
(22, 120, 'Peso'),
(23, 81, 'Zloty'),
(24, 135, 'Rupiah'),
(25, 102, 'Peso'),
(26, 130, 'Zloty'),
(27, 47, 'Dollar'),
(28, 119, 'Ruble'),
(29, 44, 'Euro'),
(30, 145, 'Leu'),
(31, 137, 'Dirham'),
(32, 48, 'Real'),
(33, 11, 'Rupiah'),
(34, 93, 'Yen'),
(35, 115, 'Peso'),
(36, 54, 'Real'),
(37, 13, 'Real'),
(38, 112, 'Krone'),
(39, 50, 'Ruble'),
(40, 57, 'Peso'),
(41, 6, 'Rupiah'),
(42, 114, 'Krone'),
(43, 77, 'Rupiah'),
(44, 135, 'Peso'),
(45, 84, 'Hryvnia'),
(46, 141, 'Euro'),
(47, 115, 'Euro'),
(48, 15, 'Peso'),
(49, 73, 'Yuan Renminbi'),
(50, 8, 'Peso'),
(51, 47, 'Dollar'),
(52, 27, 'Peso'),
(53, 135, 'Litas'),
(54, 21, 'Yuan Renminbi'),
(55, 68, 'Pound'),
(56, 95, 'Rial'),
(57, 138, 'Lempira'),
(58, 52, 'Ruble'),
(59, 107, 'Rupiah'),
(60, 110, 'Shekel'),
(61, 2, 'Sol'),
(62, 109, 'Shilling'),
(63, 36, 'Dirham'),
(64, 62, 'Dram'),
(65, 86, 'Dollar'),
(66, 131, 'Pound'),
(67, 120, 'Rupiah'),
(68, 50, 'Tenge'),
(69, 146, 'Denar'),
(70, 88, 'Yuan Renminbi'),
(71, 93, 'Rupiah'),
(72, 102, 'Lek'),
(73, 144, 'Krona'),
(74, 92, 'Euro'),
(75, 125, 'Yuan Renminbi'),
(76, 22, 'Ruble'),
(77, 92, 'Rupiah'),
(78, 40, 'Dong'),
(79, 46, 'Dinar'),
(80, 140, 'Yuan Renminbi'),
(81, 61, 'Euro'),
(82, 65, 'Dollar'),
(83, 115, 'Bolivar'),
(84, 146, 'Real'),
(85, 3, 'Euro'),
(86, 6, 'Yen'),
(87, 98, 'Dollar'),
(88, 61, 'Dollar'),
(89, 89, 'Dollar'),
(90, 117, 'Peso'),
(91, 30, 'Euro'),
(92, 32, 'Euro'),
(93, 21, 'Ringgit'),
(94, 34, 'Peso'),
(95, 45, 'Yuan Renminbi'),
(96, 61, 'Koruna'),
(97, 54, 'Rupiah'),
(98, 69, 'Yuan Renminbi'),
(99, 13, 'Koruna'),
(100, 89, 'Ruble'),
(101, 67, 'Real'),
(102, 52, 'Zloty'),
(103, 127, 'Rupiah'),
(104, 126, 'Zloty'),
(105, 29, 'Yuan Renminbi'),
(106, 40, 'Dirham'),
(107, 24, 'Yuan Renminbi'),
(108, 27, 'Rupiah'),
(109, 26, 'Yuan Renminbi'),
(110, 2, 'Yuan Renminbi'),
(111, 44, 'Peso'),
(112, 115, 'Yuan Renminbi'),
(113, 6, 'Euro'),
(114, 138, 'Yuan Renminbi'),
(115, 13, 'Dinar'),
(116, 140, 'Hryvnia'),
(117, 47, 'Real'),
(118, 63, 'Krona'),
(119, 40, 'Peso'),
(120, 7, 'Yuan Renminbi'),
(121, 131, 'Euro'),
(122, 139, 'Dollar'),
(123, 91, 'Dinar'),
(124, 34, 'Rupiah'),
(125, 116, 'Ruble'),
(126, 6, 'Peso'),
(127, 7, 'Ruble'),
(128, 98, 'Euro'),
(129, 134, 'Rufiyaa'),
(130, 120, 'Yen'),
(131, 89, 'Euro'),
(132, 134, 'Yuan Renminbi'),
(133, 27, 'Euro'),
(134, 135, 'Yuan Renminbi'),
(135, 25, 'Koruna'),
(136, 64, 'Shilling'),
(137, 93, 'Euro'),
(138, 7, 'Tugrik'),
(139, 149, 'Yuan Renminbi'),
(140, 82, 'Ruble'),
(141, 50, 'Yuan Renminbi'),
(142, 42, 'Peso'),
(143, 60, 'Yuan Renminbi'),
(144, 20, 'Peso'),
(145, 31, 'Yuan Renminbi'),
(146, 131, 'Rupiah'),
(147, 56, 'Yuan Renminbi'),
(148, 46, 'Ruble'),
(149, 35, 'Rupiah'),
(150, 130, 'Peso');

-- --------------------------------------------------------

--
-- Table structure for table `branches`
--

CREATE TABLE `branches` (
  `Branch_Id` bigint(20) NOT NULL,
  `Branch_name` varchar(500) DEFAULT NULL,
  `Branch_address` varchar(500) DEFAULT NULL,
  `State_id` bigint(20) DEFAULT NULL
) ENGINE=InnoDB DEFAULT CHARSET=latin1;

--
-- Dumping data for table `branches`
--

INSERT INTO `branches` (`Branch_Id`, `Branch_name`, `Branch_address`, `State_id`) VALUES
(1, 'Tomscot', '019 8th Trail', 139),
(2, 'Fair Oaks', '5 Macpherson Avenue', 141),
(3, 'La Follette', '290 Northport Park', 101),
(4, 'Delladonna', '73931 Tomscot Lane', 22),
(5, 'Pine View', '3071 Kedzie Hill', 145),
(6, 'Golf', '88 Bay Drive', 69),
(7, 'Northview', '5 Nancy Avenue', 73),
(8, 'Maywood', '10 Quincy Plaza', 111),
(9, 'Sutherland', '2 Butternut Pass', 22),
(10, 'Petterle', '349 Manley Alley', 105),
(11, 'School', '4 Sunbrook Parkway', 95),
(12, '4th', '04219 Crescent Oaks Court', 100),
(13, 'Karstens', '3 Mifflin Drive', 127),
(14, 'Portage', '8825 Farragut Alley', 136),
(15, 'Moland', '47 American Ash Park', 65),
(16, 'Mariners Cove', '107 Harper Avenue', 8),
(17, 'Reindahl', '163 Thompson Center', 49),
(18, 'Roth', '73 Lawn Drive', 4),
(19, 'South', '316 Melby Park', 40),
(20, 'Onsgard', '37822 Gerald Park', 109),
(21, 'Bultman', '2 Utah Crossing', 59),
(22, 'Luster', '3 Blue Bill Park Drive', 110),
(23, 'Arkansas', '44986 Lerdahl Lane', 71),
(24, 'Springview', '181 Mallard Parkway', 120),
(25, 'Laurel', '5889 Thompson Parkway', 130),
(26, 'Prentice', '26 Little Fleur Lane', 25),
(27, 'Mayfield', '7549 Dakota Pass', 137),
(28, 'Thackeray', '99 Alpine Circle', 72),
(29, 'Clove', '6 Chive Court', 16),
(30, 'Kenwood', '3545 Shoshone Junction', 51),
(31, 'Lerdahl', '838 Carey Place', 57),
(32, 'Florence', '3242 Monica Road', 64),
(33, 'Hintze', '77880 Russell Center', 133),
(34, 'Sutherland', '15 Debs Center', 28),
(35, 'Helena', '8355 Fremont Alley', 14),
(36, 'Brickson Park', '7 Blaine Lane', 135),
(37, 'Cherokee', '03172 Barnett Court', 94),
(38, 'Anzinger', '927 Hintze Circle', 118),
(39, 'Southridge', '5 Morning Junction', 149),
(40, 'Monica', '1579 Onsgard Hill', 84),
(41, 'Victoria', '7 Vahlen Place', 56),
(42, 'Kensington', '17185 Hallows Center', 75),
(43, 'Alpine', '240 Quincy Junction', 105),
(44, 'Old Shore', '93257 Mosinee Pass', 7),
(45, 'Colorado', '6503 Tennessee Place', 7),
(46, 'Bultman', '23488 Shasta Center', 88),
(47, 'Carberry', '341 Clyde Gallagher Pass', 149),
(48, 'Dryden', '066 Texas Terrace', 106),
(49, 'Debra', '604 Kensington Alley', 61),
(50, 'Maryland', '36190 Pleasure Trail', 137),
(51, 'Banding', '5564 Charing Cross Circle', 16),
(52, 'Acker', '87 Mosinee Center', 149),
(53, 'Kedzie', '169 Sugar Plaza', 120),
(54, 'Red Cloud', '9799 Duke Center', 58),
(55, 'Fair Oaks', '00 Michigan Court', 42),
(56, 'Trailsway', '182 Prentice Crossing', 13),
(57, 'Melvin', '70332 Norway Maple Plaza', 139),
(58, 'Commercial', '5 Heath Crossing', 31),
(59, 'Butternut', '5097 Birchwood Place', 10),
(60, 'Coolidge', '41939 Veith Pass', 102),
(61, 'Orin', '11 Butterfield Court', 53),
(62, 'Northridge', '45797 Carberry Parkway', 81),
(63, '3rd', '174 Katie Parkway', 78),
(64, 'Michigan', '24633 Maple Wood Way', 59),
(65, 'Westridge', '0434 Dunning Trail', 138),
(66, 'Crest Line', '96 Evergreen Court', 100),
(67, 'Almo', '487 Pepper Wood Junction', 1),
(68, 'Summerview', '39142 Walton Road', 59),
(69, 'Forest Dale', '9104 Truax Center', 150),
(70, 'Sunbrook', '84 Heath Court', 69),
(71, 'Katie', '17 Hintze Circle', 110),
(72, 'Trailsway', '23 Jenna Parkway', 3),
(73, 'Old Gate', '14 Sunnyside Road', 143),
(74, 'Hanson', '6638 Sage Street', 53),
(75, 'Golden Leaf', '5 Crowley Crossing', 12),
(76, 'Sommers', '785 Waywood Terrace', 107),
(77, '1st', '9059 Upham Pass', 40),
(78, 'Summit', '27 Alpine Center', 149),
(79, 'North', '54840 Tennyson Road', 80),
(80, 'Jenna', '65 Grayhawk Plaza', 69),
(81, 'Fairfield', '60 Columbus Pass', 67),
(82, 'Menomonie', '39545 Farmco Street', 111),
(83, 'Tony', '62426 Eastwood Park', 42),
(84, 'Arizona', '48083 Boyd Alley', 138),
(85, 'Forster', '516 Ohio Alley', 8),
(86, 'Ridgeway', '9693 6th Parkway', 134),
(87, 'Spohn', '69011 Mariners Cove Crossing', 37),
(88, 'Alpine', '16092 Old Shore Avenue', 28),
(89, 'Trailsway', '52938 Rutledge Avenue', 29),
(90, 'Lawn', '43 Cottonwood Avenue', 9),
(91, 'Lighthouse Bay', '8 Dawn Plaza', 17),
(92, 'Pond', '232 Coleman Avenue', 47),
(93, 'Saint Paul', '1 Forest Dale Street', 106),
(94, 'Raven', '8 Lindbergh Pass', 128),
(95, 'Hallows', '68 Little Fleur Circle', 136),
(96, 'Victoria', '5551 Kings Parkway', 13),
(97, 'Waxwing', '8002 Nevada Pass', 82),
(98, 'Mariners Cove', '1846 Carpenter Place', 69),
(99, 'Bobwhite', '883 Weeping Birch Hill', 66),
(100, 'South', '2 Del Sol Street', 143),
(101, 'Atwood', '9 Bashford Pass', 54),
(102, 'Clarendon', '682 Sugar Point', 136),
(103, 'Westridge', '2 Briar Crest Parkway', 102),
(104, 'Fairview', '287 Jackson Circle', 94),
(105, 'Milwaukee', '05 Bowman Center', 45),
(106, 'Pawling', '68255 Texas Drive', 119),
(107, 'Sheridan', '91678 Mosinee Circle', 24),
(108, 'Raven', '47095 Starling Place', 28),
(109, 'Old Shore', '7 Coolidge Junction', 20),
(110, 'Old Gate', '68 Clarendon Drive', 110),
(111, '4th', '49 Lindbergh Lane', 76),
(112, 'Sugar', '54764 Cordelia Trail', 101),
(113, 'Dennis', '65868 Logan Alley', 131),
(114, 'Ohio', '3435 Boyd Avenue', 54),
(115, 'Grover', '10 Linden Trail', 2),
(116, 'North', '83 Walton Way', 118),
(117, 'Farmco', '37398 Victoria Place', 86),
(118, 'Dennis', '46712 Coleman Park', 43),
(119, 'Corry', '83 Butternut Terrace', 143),
(120, 'Graedel', '41 Burrows Alley', 103),
(121, 'Summer Ridge', '8615 Holy Cross Parkway', 39),
(122, 'Hovde', '591 Dovetail Circle', 26),
(123, 'Grasskamp', '25413 Comanche Center', 78),
(124, 'Meadow Ridge', '45 Reinke Way', 32),
(125, 'Spaight', '6921 Kropf Alley', 69),
(126, 'Michigan', '8 Columbus Alley', 136),
(127, 'Prentice', '58 Tony Drive', 65),
(128, 'Vidon', '6444 Namekagon Park', 125),
(129, 'La Follette', '70329 Lien Junction', 90),
(130, 'Continental', '9 Springs Lane', 147),
(131, 'Hoffman', '596 Dexter Lane', 29),
(132, 'Dovetail', '6 Ludington Pass', 30),
(133, 'Londonderry', '09 Katie Hill', 112),
(134, 'Service', '93 Brentwood Road', 51),
(135, 'Glendale', '4 Crowley Court', 9),
(136, 'Manitowish', '30 Nancy Court', 74),
(137, 'Carioca', '2334 4th Junction', 84),
(138, 'Sloan', '3942 Birchwood Drive', 96),
(139, 'Westport', '2 Sutherland Hill', 135),
(140, 'Artisan', '04911 Westend Park', 125),
(141, 'Kim', '103 Drewry Road', 66),
(142, 'Tomscot', '994 New Castle Drive', 109),
(143, 'Darwin', '68345 Iowa Point', 129),
(144, 'Ridgeview', '2 Mccormick Street', 35),
(145, 'Dahle', '6562 Sommers Avenue', 27),
(146, 'Judy', '8 Briar Crest Alley', 107),
(147, 'Eagle Crest', '35982 Lillian Plaza', 136),
(148, 'Green', '124 Macpherson Parkway', 10),
(149, 'Eastwood', '66 Upham Road', 93),
(150, 'Northland', '8 Shelley Terrace', 25);

-- --------------------------------------------------------

--
-- Table structure for table `contact_details`
--

CREATE TABLE `contact_details` (
  `Contact_id` bigint(20) NOT NULL,
  `Email` varchar(500) DEFAULT NULL,
  `Phone_Number` varchar(500) DEFAULT NULL,
  `Telephone_Number` varchar(500) DEFAULT NULL,
  `Street` varchar(500) DEFAULT NULL,
  `Street_Id` int(11) DEFAULT NULL
) ENGINE=InnoDB DEFAULT CHARSET=latin1;

--
-- Dumping data for table `contact_details`
--

INSERT INTO `contact_details` (`Contact_id`, `Email`, `Phone_Number`, `Telephone_Number`, `Street`, `Street_Id`) VALUES
(1, 'awilliams0@fda.gov', '668-376-3530', '901-312-6691', 'Utah', 96),
(2, 'gmcgaffey1@google.co.jp', '727-665-8918', '433-668-7321', 'Upham', 73),
(3, 'dphin2@cpanel.net', '845-824-7602', '247-515-9903', 'Shopko', 62),
(4, 'astanyon3@nytimes.com', '913-673-8081', '417-242-9392', 'Merrick', 22),
(5, 'mpilgram4@sohu.com', '390-299-9480', '491-706-2984', 'Karstens', 14),
(6, 'egosnay5@nationalgeographic.com', '127-502-7231', '899-405-2350', 'Sloan', 77),
(7, 'skellar6@usnews.com', '425-771-8329', '705-460-8000', 'Tennessee', 18),
(8, 'hjacmar7@amazonaws.com', '387-876-8268', '877-583-0708', 'Buena Vista', 130),
(9, 'rangel8@storify.com', '879-245-5017', '953-308-1006', 'Loomis', 81),
(10, 'lkilgrew9@example.com', '696-164-4661', '583-226-7991', 'Dorton', 53),
(11, 'dwebburna@purevolume.com', '424-818-7777', '232-221-0681', 'Emmet', 6),
(12, 'mhessenthalerb@time.com', '271-119-7674', '509-838-1474', 'Butternut', 89),
(13, 'ecorbittc@amazon.co.uk', '288-364-8292', '846-299-9987', 'Arizona', 17),
(14, 'sbercerosd@weibo.com', '480-530-2191', '584-324-8433', 'Maple Wood', 20),
(15, 'ayanine@mayoclinic.com', '764-937-6578', '136-102-6392', 'Westerfield', 62),
(16, 'jpicardof@de.vu', '278-803-7621', '509-831-2257', 'Brown', 101),
(17, 'jhighwayg@disqus.com', '490-740-7556', '933-739-5060', 'Waubesa', 30),
(18, 'djoiceyh@zimbio.com', '686-371-7306', '146-154-4807', 'Schiller', 106),
(19, 'lcurrieri@desdev.cn', '728-142-3796', '622-648-7995', 'Roth', 79),
(20, 'mcrocej@unesco.org', '243-759-7532', '827-126-2562', 'Thompson', 113),
(21, 'cfruserk@engadget.com', '606-606-5853', '801-364-7337', 'Lillian', 2),
(22, 'rdanslowl@alibaba.com', '117-117-6692', '291-895-0856', 'Bunker Hill', 87),
(23, 'hpeacem@t-online.de', '692-491-0905', '756-417-0059', 'Lake View', 70),
(24, 'mmulhilln@state.tx.us', '285-673-1505', '768-412-9952', '2nd', 64),
(25, 'lpirrieo@mapy.cz', '968-910-0875', '387-385-8458', 'Steensland', 147),
(26, 'pcollopp@sun.com', '439-222-9315', '144-853-9845', 'Nevada', 54),
(27, 'mgrevilleq@cdbaby.com', '496-702-1018', '841-706-8240', 'Cherokee', 41),
(28, 'nbumfreyr@dmoz.org', '246-625-5640', '849-289-6202', 'Corscot', 120),
(29, 'mhacksbys@bloglovin.com', '769-382-4329', '753-634-3897', 'Village', 140),
(30, 'cguillott@japanpost.jp', '811-682-1079', '649-224-5440', 'Hauk', 17),
(31, 'hmidgleyu@slate.com', '472-808-0104', '930-449-0817', 'Hoffman', 123),
(32, 'bdungeyv@paginegialle.it', '754-945-1897', '168-346-6524', 'Elgar', 94),
(33, 'cmaclleesew@cnbc.com', '384-202-4774', '866-223-2150', 'Prairieview', 25),
(34, 'dsamwellx@examiner.com', '142-167-9414', '902-504-1959', 'Springs', 139),
(35, 'ibealy@fotki.com', '583-510-2524', '669-853-2069', 'Carberry', 137),
(36, 'gboldockz@comsenz.com', '372-986-9403', '913-584-1185', 'Rowland', 99),
(37, 'cbousquet10@xinhuanet.com', '619-210-6478', '676-751-1248', 'Helena', 121),
(38, 'wenders11@lulu.com', '763-832-2993', '578-234-2533', 'Armistice', 139),
(39, 'sloft12@edublogs.org', '294-487-9271', '464-705-0702', 'John Wall', 146),
(40, 'lnapleton13@sina.com.cn', '420-196-9571', '295-422-6499', 'Quincy', 95),
(41, 'rrozsa14@cyberchimps.com', '165-652-8249', '844-964-7634', 'Elmside', 52),
(42, 'nbell15@hexun.com', '165-413-3198', '543-567-9453', 'Carey', 110),
(43, 'hscarasbrick16@dot.gov', '916-841-3581', '656-357-2029', 'Macpherson', 142),
(44, 'alowcock17@rambler.ru', '754-336-5128', '854-981-6077', 'Morrow', 77),
(45, 'smaccahey18@nifty.com', '911-180-9297', '635-740-0738', 'Vernon', 58),
(46, 'djoiris19@github.com', '119-315-5021', '782-358-7126', 'Sunfield', 53),
(47, 'pmoncreif1a@ustream.tv', '293-325-5849', '925-392-5988', 'Jay', 95),
(48, 'arusted1b@marriott.com', '112-360-4515', '824-316-6420', 'Badeau', 21),
(49, 'bhencke1c@weather.com', '695-113-2279', '585-154-5200', 'Michigan', 115),
(50, 'hcasbourne1d@cornell.edu', '366-316-2159', '502-110-3152', 'Quincy', 127),
(51, 'hjeppe1e@com.com', '600-839-9875', '619-676-6253', 'Judy', 60),
(52, 'callwright1f@weebly.com', '914-809-9278', '809-638-2805', 'Kim', 24),
(53, 'acanet1g@artisteer.com', '488-440-5709', '995-942-0858', 'Amoth', 79),
(54, 'lamos1h@cdbaby.com', '777-237-1024', '210-614-2989', 'Clarendon', 67),
(55, 'epalley1i@macromedia.com', '488-919-6583', '673-267-5653', 'Norway Maple', 71),
(56, 'ddraysay1j@qq.com', '555-819-4467', '126-562-8377', 'Valley Edge', 118),
(57, 'rdecaze1k@facebook.com', '125-608-5818', '486-724-0629', 'Canary', 85),
(58, 'vgianolo1l@google.de', '781-576-0856', '892-243-9081', 'Meadow Ridge', 7),
(59, 'bbea1m@com.com', '761-889-9240', '610-937-1031', 'Cambridge', 9),
(60, 'vdoggerell1n@tamu.edu', '929-692-0993', '527-409-0715', 'Onsgard', 91),
(61, 'lmaccraw1o@fastcompany.com', '389-134-7065', '561-892-9819', 'Lake View', 56),
(62, 'broblett1p@dailymail.co.uk', '522-109-1379', '251-713-2454', 'Elmside', 140),
(63, 'fmckinney1q@hibu.com', '969-883-7676', '720-579-9494', 'Schurz', 150),
(64, 'dantic1r@ucoz.com', '109-653-7645', '777-624-4889', 'Rusk', 103),
(65, 'adukesbury1s@drupal.org', '737-996-8903', '190-822-0560', 'Grasskamp', 14),
(66, 'dbartul1t@wiley.com', '477-687-5833', '714-461-9071', 'Bartelt', 127),
(67, 'kmartland1u@engadget.com', '492-584-6071', '397-937-1205', 'Heath', 100),
(68, 'wsomersett1v@youtu.be', '135-201-2127', '201-241-7247', 'Trailsway', 43),
(69, 'wcrossdale1w@themeforest.net', '610-128-4991', '202-964-4088', 'Dwight', 26),
(70, 'eroskams1x@youtu.be', '299-462-6878', '535-282-3537', 'Mitchell', 42),
(71, 'vjorden1y@zimbio.com', '759-136-9165', '725-151-5961', 'Rowland', 75),
(72, 'gcoweuppe1z@bluehost.com', '397-982-0926', '223-527-7663', 'Hansons', 25),
(73, 'amalicki20@csmonitor.com', '562-475-3233', '140-600-7997', 'Lukken', 17),
(74, 'jlillyman21@independent.co.uk', '728-536-4345', '995-537-4179', 'Sauthoff', 14),
(75, 'bfeather22@comcast.net', '652-880-1713', '147-509-1730', 'Tony', 135),
(76, 'fscanterbury23@stumbleupon.com', '168-425-5413', '427-889-0264', 'Westerfield', 43),
(77, 'eloxdale24@macromedia.com', '578-984-3326', '525-837-9068', 'Green', 112),
(78, 'lcossor25@bloglines.com', '235-230-0030', '243-741-2822', 'Waubesa', 49),
(79, 'llove26@google.com', '833-805-5390', '286-664-6747', 'Sullivan', 132),
(80, 'zborit27@biglobe.ne.jp', '286-610-5168', '955-228-0851', 'Fairfield', 53),
(81, 'rfarnham28@thetimes.co.uk', '226-480-6160', '249-166-9515', 'Pearson', 141),
(82, 'kreinhardt29@nbcnews.com', '913-860-2218', '160-138-9358', 'Novick', 135),
(83, 'nborrow2a@delicious.com', '930-862-6568', '749-388-1692', 'Scoville', 121),
(84, 'jdaice2b@fc2.com', '166-848-2176', '336-633-7767', 'Jenna', 91),
(85, 'aapted2c@mail.ru', '505-255-0675', '104-510-8495', 'Jenna', 112),
(86, 'sfaircliff2d@home.pl', '389-672-8504', '473-798-6555', 'Sunfield', 107),
(87, 'jderby2e@xing.com', '657-886-4441', '984-956-3975', 'Straubel', 91),
(88, 'foxenford2f@biglobe.ne.jp', '290-160-5787', '924-585-1041', 'Burrows', 79),
(89, 'kshillito2g@reddit.com', '911-107-6742', '306-636-0667', 'Northfield', 123),
(90, 'xblodgett2h@xing.com', '634-222-4792', '936-523-8603', 'Buena Vista', 131),
(91, 'cemblow2i@1und1.de', '393-171-9504', '669-347-4592', 'Sauthoff', 142),
(92, 'sollier2j@huffingtonpost.com', '230-529-7383', '683-263-7905', 'Artisan', 76),
(93, 'vdoulden2k@google.ru', '361-184-2853', '665-394-5438', 'Declaration', 79),
(94, 'pjanatka2l@mysql.com', '481-301-1156', '175-397-4632', 'Garrison', 142),
(95, 'asjollema2m@php.net', '778-965-6218', '648-530-7826', 'Union', 101),
(96, 'rruscoe2n@linkedin.com', '138-652-3326', '633-111-5785', 'Kedzie', 110),
(97, 'igrimsdike2o@blogs.com', '353-356-1652', '480-104-2884', 'Mesta', 25),
(98, 'gwermerling2p@fema.gov', '737-297-4823', '677-992-7371', 'Carberry', 67),
(99, 'sspeck2q@google.it', '426-833-5261', '288-555-7342', 'Monterey', 73),
(100, 'jsecret2r@marketwatch.com', '751-681-1322', '671-879-2771', 'Cascade', 120),
(101, 'ebudnik2s@wordpress.org', '206-840-6519', '317-129-0809', 'Barby', 136),
(102, 'kstuckow2t@123-reg.co.uk', '303-878-5331', '569-814-4727', 'Holy Cross', 33),
(103, 'etattershaw2u@gov.uk', '137-332-4447', '868-137-1282', 'Menomonie', 65),
(104, 'eianniello2v@blogspot.com', '543-690-6025', '149-557-5385', 'Bluejay', 142),
(105, 'yhalsey2w@privacy.gov.au', '525-249-8579', '681-947-0040', 'Kinsman', 75),
(106, 'crawsen2x@prlog.org', '355-714-9677', '930-238-5149', 'Old Gate', 30),
(107, 'cnesbitt2y@state.tx.us', '402-668-9701', '285-713-6820', 'Hayes', 90),
(108, 'ltousey2z@bloglines.com', '171-169-3120', '409-541-7200', 'Hayes', 86),
(109, 'gtownsend30@msn.com', '350-487-7980', '728-675-6591', 'Nancy', 130),
(110, 'pdomerque31@irs.gov', '740-133-8882', '840-164-4639', 'Vera', 122),
(111, 'rstleger32@mail.ru', '299-864-5929', '759-892-2778', 'Nancy', 126),
(112, 'kcavie33@wikispaces.com', '847-679-6852', '982-607-0961', 'Memorial', 67),
(113, 'dbilton34@foxnews.com', '454-734-3585', '870-280-7272', 'Mcguire', 119),
(114, 'skay35@dailymotion.com', '209-688-5962', '646-104-2545', 'Homewood', 50),
(115, 'tshout36@ebay.co.uk', '903-486-5569', '769-582-2391', 'Schiller', 1),
(116, 'eference37@shareasale.com', '156-950-1867', '626-100-2121', 'Bashford', 57),
(117, 'rtumelty38@sohu.com', '866-349-0527', '922-937-8054', 'Golf Course', 84),
(118, 'jrait39@blinklist.com', '974-887-9588', '258-989-1457', 'Dovetail', 102),
(119, 'ugye3a@usa.gov', '371-479-1273', '708-818-2509', 'Surrey', 23),
(120, 'kmitskevich3b@deliciousdays.com', '380-291-8851', '138-422-6508', 'Graedel', 72),
(121, 'ycod3c@digg.com', '138-408-7632', '325-622-9726', 'American Ash', 137),
(122, 'eamorine3d@redcross.org', '636-193-8592', '687-130-1827', 'Scofield', 54),
(123, 'tfavey3e@pagesperso-orange.fr', '491-131-1820', '408-326-3260', 'Kings', 121),
(124, 'dporson3f@joomla.org', '522-828-4501', '448-390-3574', 'Northport', 92),
(125, 'aalcott3g@github.com', '669-364-0428', '953-827-5905', 'Barnett', 43),
(126, 'rlile3h@skyrock.com', '849-228-7017', '585-811-0981', 'Logan', 25),
(127, 'drugg3i@intel.com', '979-728-1078', '424-433-6336', 'South', 149),
(128, 'dcuesta3j@un.org', '955-329-2578', '303-607-4016', 'Meadow Valley', 41),
(129, 'sbaselli3k@sun.com', '535-114-5477', '744-649-8859', 'Aberg', 99),
(130, 'ebettles3l@jigsy.com', '597-617-4261', '623-171-2376', '5th', 51),
(131, 'fbowton3m@sohu.com', '214-236-5879', '674-440-2442', 'Mariners Cove', 23),
(132, 'askillett3n@wunderground.com', '812-836-2644', '294-936-8310', 'Main', 8),
(133, 'zkorfmann3o@storify.com', '346-255-7263', '923-907-6448', 'Luster', 111),
(134, 'smunn3p@smh.com.au', '327-343-0533', '381-174-9529', 'Summit', 1),
(135, 'abrine3q@amazon.de', '988-649-3639', '508-481-3241', 'Anthes', 13),
(136, 'hgynne3r@ft.com', '870-629-9767', '881-767-9477', 'Caliangt', 45),
(137, 'nmirando3s@360.cn', '685-814-2641', '853-976-2944', 'Fordem', 54),
(138, 'bmahady3t@techcrunch.com', '518-389-5141', '591-307-6063', 'Emmet', 123),
(139, 'mspracklin3u@nifty.com', '983-886-8112', '623-592-5354', 'Calypso', 24),
(140, 'rgoford3v@reuters.com', '826-765-2259', '492-470-4923', 'Blackbird', 95),
(141, 'troyston3w@people.com.cn', '259-863-9145', '176-865-4788', 'Nobel', 83),
(142, 'fcattrall3x@nps.gov', '251-240-2680', '202-942-6194', 'Ohio', 120),
(143, 'rbourgourd3y@ehow.com', '890-582-5541', '844-537-2892', 'Mallory', 69),
(144, 'sfeake3z@hubpages.com', '214-419-5571', '478-428-2017', 'East', 49),
(145, 'rkapiloff40@independent.co.uk', '625-134-3505', '460-884-0069', 'Ohio', 52),
(146, 'trunciman41@elegantthemes.com', '218-845-3304', '935-631-3949', 'Stone Corner', 23),
(147, 'lstrugnell42@intel.com', '421-460-8152', '138-433-1820', 'Gerald', 30),
(148, 'zkielty43@pagesperso-orange.fr', '382-613-3614', '734-423-9957', 'Kennedy', 114),
(149, 'dswigg44@hhs.gov', '497-719-6856', '225-994-7409', 'Manley', 140),
(150, 'hmatts45@youku.com', '116-468-1570', '992-707-8524', 'Barnett', 120);

-- --------------------------------------------------------

--
-- Table structure for table `countries`
--

CREATE TABLE `countries` (
  `Country_ID` int(11) NOT NULL,
  `Country_Name` varchar(50) DEFAULT NULL
) ENGINE=InnoDB DEFAULT CHARSET=latin1;

--
-- Dumping data for table `countries`
--

INSERT INTO `countries` (`Country_ID`, `Country_Name`) VALUES
(1, 'Ukraine'),
(2, 'Mexico'),
(3, 'China'),
(4, 'Brazil'),
(5, 'Yemen'),
(6, 'China'),
(7, 'Thailand'),
(8, 'Sweden'),
(9, 'China'),
(10, 'Philippines'),
(11, 'Portugal'),
(12, 'Malaysia'),
(13, 'Japan'),
(14, 'China'),
(15, 'Russia'),
(16, 'Armenia'),
(17, 'Peru'),
(18, 'Latvia'),
(19, 'Poland'),
(20, 'Russia'),
(21, 'Pakistan'),
(22, 'Israel'),
(23, 'Ivory Coast'),
(24, 'Indonesia'),
(25, 'Czech Republic'),
(26, 'Nigeria'),
(27, 'Poland'),
(28, 'Ukraine'),
(29, 'Indonesia'),
(30, 'Brazil'),
(31, 'Morocco'),
(32, 'Portugal'),
(33, 'Ukraine'),
(34, 'Mexico'),
(35, 'Russia'),
(36, 'Indonesia'),
(37, 'Zimbabwe'),
(38, 'Afghanistan'),
(39, 'United States'),
(40, 'Vietnam'),
(41, 'Croatia'),
(42, 'Poland'),
(43, 'Mauritius'),
(44, 'Philippines'),
(45, 'Brazil'),
(46, 'Indonesia'),
(47, 'Portugal'),
(48, 'Brazil'),
(49, 'Lithuania'),
(50, 'Russia'),
(51, 'Myanmar'),
(52, 'Philippines'),
(53, 'Colombia'),
(54, 'Russia'),
(55, 'China'),
(56, 'Poland'),
(57, 'China'),
(58, 'Afghanistan'),
(59, 'Curacao'),
(60, 'Vietnam'),
(61, 'New Zealand'),
(62, 'Philippines'),
(63, 'Indonesia'),
(64, 'Peru'),
(65, 'Indonesia'),
(66, 'Indonesia'),
(67, 'Sweden'),
(68, 'South Korea'),
(69, 'Croatia'),
(70, 'China'),
(71, 'Pakistan'),
(72, 'Botswana'),
(73, 'Guatemala'),
(74, 'Egypt'),
(75, 'Ukraine'),
(76, 'Indonesia'),
(77, 'Thailand'),
(78, 'United States'),
(79, 'China'),
(80, 'Indonesia'),
(81, 'Greece'),
(82, 'China'),
(83, 'Philippines'),
(84, 'China'),
(85, 'Russia'),
(86, 'China'),
(87, 'Somalia'),
(88, 'Colombia'),
(89, 'Indonesia'),
(90, 'China'),
(91, 'Croatia'),
(92, 'United States'),
(93, 'China'),
(94, 'China'),
(95, 'China'),
(96, 'Sweden'),
(97, 'Czech Republic'),
(98, 'Brazil'),
(99, 'Bolivia'),
(100, 'Russia'),
(101, 'Cuba'),
(102, 'Syria'),
(103, 'Panama'),
(104, 'Brazil'),
(105, 'Indonesia'),
(106, 'Japan'),
(107, 'Indonesia'),
(108, 'Hungary'),
(109, 'France'),
(110, 'Mexico'),
(111, 'China'),
(112, 'Peru'),
(113, 'Indonesia'),
(114, 'Czech Republic'),
(115, 'Nigeria'),
(116, 'Colombia'),
(117, 'China'),
(118, 'France'),
(119, 'Philippines'),
(120, 'Guatemala'),
(121, 'Indonesia'),
(122, 'Philippines'),
(123, 'Portugal'),
(124, 'Indonesia'),
(125, 'Colombia'),
(126, 'France'),
(127, 'Sweden'),
(128, 'Russia'),
(129, 'Philippines'),
(130, 'Brazil'),
(131, 'Egypt'),
(132, 'Russia'),
(133, 'South Sudan'),
(134, 'Japan'),
(135, 'Portugal'),
(136, 'Indonesia'),
(137, 'Syria'),
(138, 'Brazil'),
(139, 'Sweden'),
(140, 'China'),
(141, 'China'),
(142, 'Russia'),
(143, 'China'),
(144, 'China'),
(145, 'Bangladesh'),
(146, 'Sweden'),
(147, 'Russia'),
(148, 'France'),
(149, 'Lithuania'),
(150, 'Peru');

-- --------------------------------------------------------

--
-- Table structure for table `employee`
--

CREATE TABLE `employee` (
  `Employee_ID` bigint(20) NOT NULL,
  `Employee_Name` varchar(500) DEFAULT NULL,
  `Address` varchar(500) DEFAULT NULL,
  `Branch_ID` int(11) DEFAULT NULL,
  `Designation` varchar(500) DEFAULT NULL,
  `Email_Address` varchar(500) DEFAULT NULL,
  `Phone_Number` varchar(500) DEFAULT NULL
) ENGINE=InnoDB DEFAULT CHARSET=latin1;

--
-- Dumping data for table `employee`
--

INSERT INTO `employee` (`Employee_ID`, `Employee_Name`, `Address`, `Branch_ID`, `Designation`, `Email_Address`, `Phone_Number`) VALUES
(1, 'Rolph Weddup', '94 Service Lane', 51, 'Marketing', 'rweddup0@weather.com', '+46 732 518 8262'),
(2, 'Theresa Dilawey', '64 Fisk Road', 145, 'Training', 'tdilawey1@guardian.co.uk', '+86 872 689 9422'),
(3, 'Teriann Salsberg', '3 Steensland Road', 54, 'Engineering', 'tsalsberg2@un.org', '+56 755 245 6771'),
(4, 'Ailene Jarrel', '87721 Carey Lane', 87, 'Accounting', 'ajarrel3@nymag.com', '+7 142 905 1293'),
(5, 'Zedekiah Chaunce', '27 Welch Circle', 105, 'Accounting', 'zchaunce4@bloglovin.com', '+356 560 174 3146'),
(6, 'Birch Haddrill', '52146 Holy Cross Lane', 32, 'Product Management', 'bhaddrill5@psu.edu', '+380 462 208 5720'),
(7, 'Loria McGavigan', '8180 Hazelcrest Drive', 86, 'Product Management', 'lmcgavigan6@barnesandnoble.com', '+86 478 722 0597'),
(8, 'Jared McGrah', '0 Golf View Terrace', 136, 'Accounting', 'jmcgrah7@addtoany.com', '+62 206 558 3504'),
(9, 'Marla Uden', '4 Meadow Valley Trail', 33, 'Research and Development', 'muden8@mapquest.com', '+62 417 831 2263'),
(10, 'Wynny Kupec', '20604 Ruskin Place', 20, 'Support', 'wkupec9@cbsnews.com', '+86 306 747 1311'),
(11, 'Julienne McMarquis', '14912 Tennyson Terrace', 44, 'Business Development', 'jmcmarquisa@bigcartel.com', '+62 790 857 5776'),
(12, 'Niko Blei', '26 Northland Junction', 128, 'Sales', 'nbleib@sina.com.cn', '+351 670 252 7433'),
(13, 'Burr Gorwood', '6798 Dakota Pass', 113, 'Services', 'bgorwoodc@zimbio.com', '+86 730 545 9286'),
(14, 'Ellette Pear', '8176 Bowman Avenue', 130, 'Legal', 'epeard@biblegateway.com', '+86 624 149 7068'),
(15, 'Adorne Whiston', '53846 Sugar Hill', 25, 'Support', 'awhistone@xing.com', '+62 165 828 7564'),
(16, 'Nikos Slator', '3140 Golf Terrace', 32, 'Sales', 'nslatorf@furl.net', '+62 700 441 9913'),
(17, 'Thorstein Spare', '511 Main Parkway', 119, 'Human Resources', 'tspareg@wp.com', '+62 715 988 6567'),
(18, 'Halimeda Crichmer', '51313 Emmet Way', 41, 'Accounting', 'hcrichmerh@delicious.com', '+92 554 821 1211'),
(19, 'Marcel Whitmore', '6637 Anthes Plaza', 73, 'Services', 'mwhitmorei@mlb.com', '+81 760 412 5622'),
(20, 'Andras Shirlaw', '04 Alpine Crossing', 38, 'Accounting', 'ashirlawj@globo.com', '+62 292 795 8565'),
(21, 'Read Pittford', '46 Maple Road', 124, 'Engineering', 'rpittfordk@house.gov', '+84 818 291 3980'),
(22, 'Rica Buckoke', '9 Grasskamp Plaza', 60, 'Business Development', 'rbuckokel@mtv.com', '+1 414 271 6146'),
(23, 'Shelba Rochford', '19 Jay Park', 133, 'Marketing', 'srochfordm@umich.edu', '+86 124 452 9272'),
(24, 'Daphne Finnemore', '21495 Bultman Drive', 146, 'Engineering', 'dfinnemoren@bloglines.com', '+62 794 883 1590'),
(25, 'Bud O\'Rudden', '12 Lotheville Road', 45, 'Legal', 'boruddeno@ning.com', '+62 906 369 8427'),
(26, 'Yasmeen Edinburough', '954 Morning Terrace', 53, 'Accounting', 'yedinburoughp@so-net.ne.jp', '+62 425 453 8303'),
(27, 'Madeline MacMillan', '30504 Leroy Drive', 147, 'Product Management', 'mmacmillanq@statcounter.com', '+20 624 879 6621'),
(28, 'Dierdre Allom', '6 Lawn Street', 17, 'Sales', 'dallomr@meetup.com', '+55 815 433 6629'),
(29, 'Melva Fysh', '1 Ridgeview Crossing', 137, 'Services', 'mfyshs@woothemes.com', '+62 490 150 3229'),
(30, 'Guenna Beadles', '184 Veith Circle', 92, 'Research and Development', 'gbeadlest@lycos.com', '+55 307 492 7698'),
(31, 'Cherice Wildt', '4828 Thackeray Junction', 67, 'Services', 'cwildtu@prnewswire.com', '+375 788 369 1683'),
(32, 'Gerek Traynor', '64 Declaration Junction', 64, 'Accounting', 'gtraynorv@forbes.com', '+63 653 609 4366'),
(33, 'Marilyn Heasley', '257 Elmside Way', 83, 'Legal', 'mheasleyw@ed.gov', '+351 208 882 7672'),
(34, 'Corine Warre', '0 Riverside Junction', 104, 'Legal', 'cwarrex@google.de', '+86 583 103 4160'),
(35, 'Patti Benediktovich', '3078 Bluejay Circle', 31, 'Business Development', 'pbenediktovichy@mozilla.com', '+63 947 765 1032'),
(36, 'Belva Runge', '3 Magdeline Plaza', 31, 'Product Management', 'brungez@icq.com', '+48 347 909 8768'),
(37, 'Ilario Crossman', '95556 Kingsford Way', 113, 'Human Resources', 'icrossman10@cpanel.net', '+62 976 594 9340'),
(38, 'Jacquelyn Gurner', '27492 Iowa Park', 115, 'Research and Development', 'jgurner11@google.it', '+1 407 827 8589'),
(39, 'Ive Argabrite', '96 Toban Lane', 74, 'Marketing', 'iargabrite12@buzzfeed.com', '+7 266 882 5237'),
(40, 'Allegra Elphick', '9 Scofield Circle', 6, 'Business Development', 'aelphick13@illinois.edu', '+264 108 893 3773'),
(41, 'Karla Altham', '57709 Hovde Court', 105, 'Services', 'kaltham14@ox.ac.uk', '+86 775 209 0833'),
(42, 'Karyn Massimo', '03359 Rockefeller Circle', 71, 'Services', 'kmassimo15@about.com', '+66 374 700 4766'),
(43, 'Clem Slevin', '6 Meadow Valley Point', 31, 'Marketing', 'cslevin16@gizmodo.com', '+30 637 410 9767'),
(44, 'Terry Jiran', '38 Reindahl Hill', 141, 'Legal', 'tjiran17@jigsy.com', '+1 407 390 5696'),
(45, 'Nataline Janecek', '73 Continental Alley', 60, 'Human Resources', 'njanecek18@elpais.com', '+386 434 544 8093'),
(46, 'Row Blampy', '0949 Kingsford Park', 38, 'Human Resources', 'rblampy19@networkadvertising.org', '+81 963 337 6393'),
(47, 'Baxy Ingreda', '06557 Thierer Street', 26, 'Research and Development', 'bingreda1a@kickstarter.com', '+46 438 140 1878'),
(48, 'Ives Gallego', '2760 Tennyson Lane', 32, 'Services', 'igallego1b@hatena.ne.jp', '+54 361 877 6079'),
(49, 'Brendan Chapelle', '673 Stephen Crossing', 2, 'Sales', 'bchapelle1c@taobao.com', '+33 684 866 0421'),
(50, 'Karlens Cases', '46159 Graceland Pass', 27, 'Accounting', 'kcases1d@elegantthemes.com', '+380 619 306 6424'),
(51, 'Harald Zettoi', '37 Dapin Avenue', 113, 'Engineering', 'hzettoi1e@baidu.com', '+212 142 397 9180'),
(52, 'Tabitha Twinn', '19600 Orin Road', 69, 'Research and Development', 'ttwinn1f@independent.co.uk', '+86 538 782 7851'),
(53, 'Randy D\'Orsay', '3 Shelley Junction', 29, 'Marketing', 'rdorsay1g@craigslist.org', '+86 632 688 9523'),
(54, 'Derry Leuty', '04082 Lerdahl Court', 28, 'Product Management', 'dleuty1h@whitehouse.gov', '+81 533 104 8914'),
(55, 'Yank Foux', '796 Forest Alley', 144, 'Product Management', 'yfoux1i@moonfruit.com', '+7 567 737 3790'),
(56, 'Cordell Wardale', '8883 Algoma Way', 58, 'Research and Development', 'cwardale1j@omniture.com', '+7 147 648 8788'),
(57, 'Ambrosius Raiment', '02185 Debra Point', 137, 'Support', 'araiment1k@mysql.com', '+46 655 299 7306'),
(58, 'Pepi Ricciardiello', '726 Mitchell Circle', 48, 'Business Development', 'pricciardiello1l@opera.com', '+66 870 574 5285'),
(59, 'Sibilla Iannetti', '9867 Del Mar Road', 65, 'Legal', 'siannetti1m@zimbio.com', '+27 974 676 4286'),
(60, 'Jane Duiged', '37767 Gale Plaza', 142, 'Sales', 'jduiged1n@wix.com', '+46 287 966 9226'),
(61, 'Pinchas MacLaughlin', '2 Linden Trail', 79, 'Sales', 'pmaclaughlin1o@fema.gov', '+48 151 951 3645'),
(62, 'Fiona Pillinger', '4 Gale Crossing', 88, 'Marketing', 'fpillinger1p@symantec.com', '+63 692 762 4974'),
(63, 'Mendel Daymond', '9202 International Junction', 96, 'Research and Development', 'mdaymond1q@amazon.co.jp', '+46 611 596 2391'),
(64, 'Donni Correa', '24 Red Cloud Point', 116, 'Sales', 'dcorrea1r@who.int', '+48 891 563 4010'),
(65, 'Jamil Malser', '6957 Spaight Center', 101, 'Research and Development', 'jmalser1s@nih.gov', '+63 550 137 3734'),
(66, 'Benita Shelton', '7 Fordem Junction', 57, 'Product Management', 'bshelton1t@microsoft.com', '+86 639 790 2325'),
(67, 'Sydney Fouch', '9919 Clove Parkway', 35, 'Human Resources', 'sfouch1u@is.gd', '+51 497 413 8938'),
(68, 'Wiley Lehenmann', '45908 Magdeline Lane', 15, 'Support', 'wlehenmann1v@is.gd', '+54 224 970 4710'),
(69, 'Saloma Mound', '790 Moose Center', 35, 'Sales', 'smound1w@shareasale.com', '+355 413 650 3867'),
(70, 'Cameron Ballister', '28 Mariners Cove Terrace', 19, 'Research and Development', 'cballister1x@usnews.com', '+86 158 909 0137'),
(71, 'Bron Courtenay', '2837 Melvin Place', 138, 'Support', 'bcourtenay1y@uiuc.edu', '+84 717 843 6393'),
(72, 'Alfie Bowness', '21 2nd Avenue', 140, 'Support', 'abowness1z@liveinternet.ru', '+86 690 845 1899'),
(73, 'Florry Tolmie', '421 Bartelt Park', 5, 'Product Management', 'ftolmie20@skype.com', '+236 424 261 9888'),
(74, 'Yvon Tick', '83 Schlimgen Place', 121, 'Business Development', 'ytick21@berkeley.edu', '+234 429 370 8130'),
(75, 'Irma Serjent', '629 Lunder Drive', 23, 'Research and Development', 'iserjent22@unesco.org', '+252 617 809 4479'),
(76, 'Alia Goad', '87659 Miller Alley', 85, 'Engineering', 'agoad23@baidu.com', '+380 500 834 3654'),
(77, 'Shalne Stearndale', '36 Graceland Court', 49, 'Legal', 'sstearndale24@google.cn', '+62 339 217 4278'),
(78, 'Deerdre Clarycott', '6449 Mendota Alley', 109, 'Sales', 'dclarycott25@wp.com', '+57 632 882 0072'),
(79, 'Reidar Earney', '57 Ohio Plaza', 139, 'Marketing', 'rearney26@blogs.com', '+86 605 284 6267'),
(80, 'Michaelina Conner', '559 Hermina Lane', 70, 'Human Resources', 'mconner27@odnoklassniki.ru', '+47 988 101 8427'),
(81, 'Melvin Coad', '2163 Tennessee Circle', 70, 'Engineering', 'mcoad28@cargocollective.com', '+84 332 348 0739'),
(82, 'Stanly Lasseter', '29501 Talisman Parkway', 133, 'Services', 'slasseter29@surveymonkey.com', '+86 604 466 6569'),
(83, 'Rochella Moring', '782 Fulton Hill', 70, 'Business Development', 'rmoring2a@apache.org', '+963 499 696 0865'),
(84, 'Sileas Bruff', '2 Comanche Drive', 35, 'Human Resources', 'sbruff2b@fastcompany.com', '+86 204 934 5328'),
(85, 'Bernelle Lening', '5491 Burrows Drive', 24, 'Support', 'blening2c@histats.com', '+33 287 282 8318'),
(86, 'Sarita Voden', '2160 Bartelt Hill', 141, 'Sales', 'svoden2d@ed.gov', '+370 787 690 1622'),
(87, 'Maynord Wilcock', '20 Anderson Plaza', 64, 'Engineering', 'mwilcock2e@salon.com', '+62 416 536 2065'),
(88, 'Rivy Millier', '560 Shelley Street', 11, 'Services', 'rmillier2f@kickstarter.com', '+52 741 795 8640'),
(89, 'Pall Oldall', '5044 Morningstar Junction', 57, 'Engineering', 'poldall2g@infoseek.co.jp', '+351 592 135 5830'),
(90, 'Bette Gallager', '8 Cottonwood Hill', 34, 'Engineering', 'bgallager2h@imageshack.us', '+84 143 399 0738'),
(91, 'Janene Ellwell', '258 Mallard Trail', 17, 'Support', 'jellwell2i@ucoz.ru', '+55 791 609 3959'),
(92, 'Worthington Prozillo', '3 Little Fleur Trail', 70, 'Business Development', 'wprozillo2j@mozilla.com', '+58 480 149 5034'),
(93, 'Kipp Cowlishaw', '5328 Bay Avenue', 95, 'Sales', 'kcowlishaw2k@live.com', '+86 321 906 0674'),
(94, 'Gwen Rutty', '4 Golden Leaf Junction', 82, 'Accounting', 'grutty2l@army.mil', '+86 116 287 8727'),
(95, 'Wilhelmina Ridings', '69 Delaware Trail', 66, 'Human Resources', 'wridings2m@adobe.com', '+1 928 186 0694'),
(96, 'Grove Speck', '46 Fordem Point', 114, 'Research and Development', 'gspeck2n@yahoo.co.jp', '+86 140 991 7130'),
(97, 'Armin Liversidge', '2 Dakota Pass', 34, 'Services', 'aliversidge2o@altervista.org', '+48 452 738 7099'),
(98, 'Chadd Farnish', '7 Wayridge Junction', 102, 'Accounting', 'cfarnish2p@oakley.com', '+359 372 795 0472'),
(99, 'Beatrisa Panswick', '85655 Canary Pass', 125, 'Training', 'bpanswick2q@smugmug.com', '+385 262 436 7870'),
(100, 'Cliff Lindegard', '58 Shelley Way', 101, 'Legal', 'clindegard2r@springer.com', '+86 669 434 5137'),
(101, 'Hinda Bufton', '8 Melvin Crossing', 8, 'Support', 'hbufton2s@theatlantic.com', '+86 828 944 7426'),
(102, 'Gabey Benstead', '1772 Sycamore Circle', 54, 'Sales', 'gbenstead2t@tripod.com', '+351 137 619 9704'),
(103, 'Claudio Curston', '76 Forest Run Hill', 127, 'Product Management', 'ccurston2u@joomla.org', '+1 808 739 2127'),
(104, 'Horatius Whitcombe', '956 Grasskamp Place', 67, 'Marketing', 'hwhitcombe2v@businessinsider.com', '+380 322 989 5893'),
(105, 'Filia Shieber', '556 Cardinal Place', 46, 'Research and Development', 'fshieber2w@ucoz.ru', '+7 405 337 6690'),
(106, 'Ritchie Jeffrey', '749 Forster Lane', 48, 'Support', 'rjeffrey2x@netscape.com', '+62 591 510 7816'),
(107, 'Mycah Forgie', '64 Rutledge Terrace', 117, 'Legal', 'mforgie2y@ow.ly', '+420 880 843 0360'),
(108, 'Pascale Lippitt', '188 Stone Corner Pass', 104, 'Accounting', 'plippitt2z@utexas.edu', '+58 657 798 5923'),
(109, 'Petunia Echalie', '5 Katie Terrace', 123, 'Training', 'pechalie30@istockphoto.com', '+351 880 884 3505'),
(110, 'Norrie Porcas', '63 Jana Point', 126, 'Support', 'nporcas31@hud.gov', '+27 567 574 9926'),
(111, 'Dexter Conn', '81130 Pepper Wood Avenue', 15, 'Legal', 'dconn32@amazon.co.jp', '+52 574 651 2178'),
(112, 'Hardy Newbegin', '857 Toban Plaza', 79, 'Services', 'hnewbegin33@cisco.com', '+86 711 645 4927'),
(113, 'Juline Ruit', '87789 Michigan Place', 89, 'Training', 'jruit34@squidoo.com', '+86 831 611 1683'),
(114, 'Roy Dugall', '5 Straubel Alley', 110, 'Product Management', 'rdugall35@tinypic.com', '+86 104 241 2880'),
(115, 'Dene Goudard', '7964 Arrowood Way', 12, 'Training', 'dgoudard36@nhs.uk', '+45 218 438 1659'),
(116, 'Ozzy Van Hault', '74 Talisman Court', 20, 'Engineering', 'ovan37@harvard.edu', '+385 679 477 0351'),
(117, 'Jodi Deerr', '1 Blaine Avenue', 102, 'Product Management', 'jdeerr38@acquirethisname.com', '+81 102 452 5421'),
(118, 'Perry Carbery', '109 Gerald Terrace', 28, 'Support', 'pcarbery39@cafepress.com', '+256 100 732 4048'),
(119, 'Kenneth Kobelt', '21 Milwaukee Plaza', 119, 'Training', 'kkobelt3a@hatena.ne.jp', '+54 915 115 7811'),
(120, 'Loella Lingley', '536 West Pass', 58, 'Product Management', 'llingley3b@virginia.edu', '+86 705 663 8189'),
(121, 'Bobbe Ferrucci', '672 Buhler Pass', 135, 'Marketing', 'bferrucci3c@ask.com', '+86 852 158 2720'),
(122, 'Reid Mongan', '72298 Carberry Junction', 57, 'Accounting', 'rmongan3d@smh.com.au', '+81 327 964 3974'),
(123, 'Audi Stainer', '067 Fordem Hill', 8, 'Legal', 'astainer3e@macromedia.com', '+33 451 717 3970'),
(124, 'Giavani Georghiou', '7302 Lakewood Way', 25, 'Research and Development', 'ggeorghiou3f@godaddy.com', '+358 726 901 1463'),
(125, 'Fredrick Heatly', '41 Maryland Circle', 21, 'Services', 'fheatly3g@go.com', '+55 335 803 0841'),
(126, 'Archaimbaud Marzelo', '356 Swallow Circle', 85, 'Accounting', 'amarzelo3h@360.cn', '+358 122 737 7932'),
(127, 'Henrieta Bendon', '05406 Erie Drive', 113, 'Services', 'hbendon3i@is.gd', '+212 206 590 5049'),
(128, 'Lucian Suthworth', '3313 Hooker Plaza', 48, 'Sales', 'lsuthworth3j@examiner.com', '+252 753 710 6341'),
(129, 'Judye Wille', '95 Lillian Drive', 141, 'Business Development', 'jwille3k@pen.io', '+86 358 731 2919'),
(130, 'Harriott Solloway', '4082 Twin Pines Place', 141, 'Training', 'hsolloway3l@live.com', '+57 360 203 6021'),
(131, 'Rogerio Abell', '60 Schmedeman Trail', 19, 'Accounting', 'rabell3m@hubpages.com', '+86 133 514 0307'),
(132, 'Oren Balloch', '74470 Ramsey Hill', 86, 'Training', 'oballoch3n@businessinsider.com', '+86 243 789 6640'),
(133, 'Emiline Smoote', '77112 Sunbrook Crossing', 17, 'Research and Development', 'esmoote3o@unesco.org', '+7 173 305 3635'),
(134, 'Lorain McGucken', '3879 Muir Drive', 33, 'Sales', 'lmcgucken3p@google.fr', '+86 379 964 6951'),
(135, 'Daryl Salmond', '7 Sycamore Center', 72, 'Engineering', 'dsalmond3q@amazon.co.uk', '+353 887 792 4371'),
(136, 'Dianemarie Moule', '95 Forest Point', 45, 'Business Development', 'dmoule3r@irs.gov', '+86 368 317 8988'),
(137, 'Hazel Malter', '81963 Upham Center', 34, 'Marketing', 'hmalter3s@amazon.com', '+54 712 690 2470'),
(138, 'Janean Ferrillo', '3 Debs Crossing', 102, 'Human Resources', 'jferrillo3t@washington.edu', '+44 599 548 0987'),
(139, 'Darb Warbey', '72 Namekagon Way', 40, 'Training', 'dwarbey3u@bluehost.com', '+30 267 530 7803'),
(140, 'Kenna Kuhnhardt', '9841 Doe Crossing Trail', 119, 'Human Resources', 'kkuhnhardt3v@independent.co.uk', '+359 882 308 1961'),
(141, 'Hi Eddowes', '99947 High Crossing Drive', 66, 'Product Management', 'heddowes3w@newyorker.com', '+86 728 370 2833'),
(142, 'Maurise Ascroft', '66 Rowland Avenue', 22, 'Services', 'mascroft3x@ed.gov', '+86 770 857 1447'),
(143, 'Tedra Leonard', '67604 Brentwood Road', 45, 'Engineering', 'tleonard3y@ning.com', '+92 715 453 6836'),
(144, 'Brandy Jasper', '7 Southridge Hill', 118, 'Research and Development', 'bjasper3z@comsenz.com', '+55 945 913 7301'),
(145, 'Talia Mucillo', '1589 Meadow Vale Drive', 30, 'Sales', 'tmucillo40@auda.org.au', '+686 324 683 8206'),
(146, 'Shurwood Sevier', '95 Carpenter Terrace', 126, 'Legal', 'ssevier41@prlog.org', '+48 516 429 2030'),
(147, 'Claudianus Orrett', '72507 Barby Point', 33, 'Product Management', 'corrett42@gizmodo.com', '+244 706 572 7089'),
(148, 'Harris Fairlam', '10 Riverside Lane', 83, 'Marketing', 'hfairlam43@youtube.com', '+351 355 336 7573'),
(149, 'Veradis Olexa', '01 Burning Wood Lane', 17, 'Training', 'volexa44@businessinsider.com', '+86 669 765 7271'),
(150, 'Cora McCullagh', '30646 Crownhardt Street', 17, 'Marketing', 'cmccullagh45@sina.com.cn', '+86 210 369 9381');

-- --------------------------------------------------------

--
-- Table structure for table `flight_schedule`
--

CREATE TABLE `flight_schedule` (
  `Flight_ID` bigint(20) DEFAULT NULL,
  `Flight_Date` date DEFAULT NULL,
  `Departure_Time` time DEFAULT NULL,
  `Arrival_Time` time DEFAULT NULL,
  `Aircraft_ID` int(11) DEFAULT NULL,
  `Airfare_ID` int(11) DEFAULT NULL
) ENGINE=InnoDB DEFAULT CHARSET=latin1;

--
-- Dumping data for table `flight_schedule`
--

INSERT INTO `flight_schedule` (`Flight_ID`, `Flight_Date`, `Departure_Time`, `Arrival_Time`, `Aircraft_ID`, `Airfare_ID`) VALUES
(1, '2018-09-25', '21:01:00', '06:40:00', 79, 13),
(2, '2019-07-11', '03:55:00', '13:47:00', 47, 39),
(3, '2019-05-03', '00:04:00', '20:18:00', 134, 85),
(4, '2019-11-11', '03:17:00', '16:05:00', 43, 18),
(5, '2017-11-04', '08:53:00', '06:18:00', 67, 103),
(6, '2018-07-16', '21:47:00', '03:46:00', 85, 56),
(7, '2019-08-02', '08:05:00', '08:17:00', 109, 77),
(8, '2019-03-22', '04:05:00', '02:42:00', 99, 19),
(9, '2018-03-06', '10:45:00', '21:19:00', 66, 147),
(10, '2019-10-13', '03:51:00', '04:49:00', 62, 27),
(11, '2019-11-26', '13:47:00', '04:56:00', 80, 9),
(12, '2019-01-21', '13:47:00', '09:57:00', 55, 97),
(13, '2019-11-04', '13:14:00', '16:33:00', 65, 57),
(14, '2018-10-24', '01:47:00', '11:44:00', 123, 104),
(15, '2019-04-07', '18:47:00', '16:13:00', 119, 46),
(16, '2018-10-23', '11:15:00', '12:47:00', 150, 19),
(17, '2018-07-25', '22:30:00', '03:43:00', 18, 56),
(18, '2017-12-05', '12:00:00', '18:31:00', 32, 58),
(19, '2018-07-16', '10:00:00', '11:30:00', 99, 15),
(20, '2019-05-21', '01:59:00', '23:51:00', 54, 94),
(21, '2018-09-05', '07:42:00', '05:43:00', 116, 101),
(22, '2019-08-17', '02:55:00', '23:04:00', 28, 125),
(23, '2018-04-30', '10:01:00', '21:53:00', 49, 47),
(24, '2018-10-30', '16:58:00', '16:19:00', 28, 4),
(25, '2018-02-20', '06:53:00', '05:10:00', 121, 4),
(26, '2018-08-17', '01:32:00', '03:44:00', 2, 93),
(27, '2018-07-28', '20:46:00', '02:29:00', 121, 126),
(28, '2019-02-07', '10:06:00', '05:45:00', 68, 66),
(29, '2019-04-21', '05:02:00', '03:59:00', 26, 148),
(30, '2018-03-15', '08:22:00', '23:27:00', 146, 53),
(31, '2017-10-08', '07:59:00', '16:25:00', 49, 20),
(32, '2019-11-18', '17:28:00', '22:24:00', 25, 129),
(33, '2018-06-08', '12:03:00', '05:53:00', 150, 61),
(34, '2018-10-24', '06:15:00', '09:37:00', 21, 119),
(35, '2018-06-18', '14:07:00', '10:16:00', 103, 133),
(36, '2018-06-29', '03:54:00', '05:38:00', 71, 21),
(37, '2019-08-14', '11:45:00', '05:55:00', 41, 113),
(38, '2018-07-16', '07:39:00', '22:06:00', 102, 48),
(39, '2019-06-27', '18:07:00', '10:29:00', 30, 81),
(40, '2018-10-15', '06:13:00', '04:02:00', 146, 145),
(41, '2019-03-23', '03:54:00', '12:30:00', 43, 51),
(42, '2019-10-28', '02:02:00', '17:30:00', 110, 109),
(43, '2018-03-17', '11:03:00', '20:08:00', 115, 104),
(44, '2018-01-07', '17:41:00', '02:33:00', 109, 3),
(45, '2018-08-08', '20:47:00', '13:15:00', 140, 70),
(46, '2018-07-05', '23:31:00', '03:31:00', 119, 12),
(47, '2019-05-07', '21:29:00', '03:57:00', 1, 106),
(48, '2019-04-27', '10:05:00', '06:57:00', 38, 60),
(49, '2019-05-05', '00:24:00', '10:54:00', 17, 125),
(50, '2018-07-05', '01:26:00', '02:23:00', 83, 51),
(51, '2018-06-16', '10:35:00', '17:57:00', 88, 21),
(52, '2018-01-24', '23:41:00', '01:40:00', 114, 137),
(53, '2018-09-22', '16:57:00', '00:17:00', 83, 92),
(54, '2018-09-27', '05:41:00', '19:07:00', 91, 148),
(55, '2018-03-23', '13:02:00', '05:21:00', 82, 42),
(56, '2018-11-14', '19:38:00', '09:08:00', 47, 97),
(57, '2019-04-25', '14:28:00', '07:47:00', 23, 131),
(58, '2019-01-29', '16:52:00', '10:26:00', 133, 83),
(59, '2019-02-09', '05:28:00', '19:58:00', 80, 18),
(60, '2019-07-26', '09:23:00', '00:52:00', 85, 105),
(61, '2019-04-14', '13:17:00', '23:14:00', 41, 84),
(62, '2019-11-06', '12:24:00', '22:18:00', 120, 64),
(63, '2017-12-20', '15:26:00', '09:43:00', 100, 7),
(64, '2019-05-26', '01:37:00', '19:50:00', 107, 95),
(65, '2018-09-02', '07:00:00', '05:45:00', 136, 27),
(66, '2018-10-20', '02:48:00', '20:48:00', 150, 77),
(67, '2019-03-02', '07:09:00', '03:56:00', 67, 53),
(68, '2018-05-08', '11:28:00', '07:52:00', 19, 57),
(69, '2019-08-16', '18:49:00', '14:24:00', 80, 42),
(70, '2018-03-03', '02:01:00', '07:24:00', 19, 10),
(71, '2018-06-14', '00:38:00', '19:54:00', 19, 64),
(72, '2018-08-24', '05:39:00', '22:00:00', 135, 8),
(73, '2018-08-23', '03:00:00', '22:53:00', 102, 120),
(74, '2019-08-04', '08:11:00', '01:23:00', 27, 147),
(75, '2018-09-19', '01:52:00', '04:31:00', 124, 73),
(76, '2017-11-29', '23:40:00', '01:02:00', 107, 68),
(77, '2018-06-08', '14:50:00', '18:11:00', 19, 56),
(78, '2019-05-31', '12:19:00', '22:17:00', 78, 16),
(79, '2019-02-06', '18:53:00', '23:56:00', 93, 145),
(80, '2018-12-12', '18:20:00', '14:06:00', 120, 120),
(81, '2017-12-31', '14:33:00', '21:27:00', 17, 116),
(82, '2017-11-08', '23:41:00', '21:12:00', 121, 8),
(83, '2018-05-18', '13:14:00', '19:22:00', 84, 58),
(84, '2018-12-16', '08:11:00', '10:12:00', 53, 43),
(85, '2019-04-23', '01:39:00', '16:08:00', 120, 26),
(86, '2019-02-19', '14:52:00', '08:11:00', 103, 20),
(87, '2019-06-14', '05:33:00', '19:03:00', 57, 14),
(88, '2019-11-07', '08:59:00', '05:45:00', 82, 123),
(89, '2019-04-08', '22:54:00', '19:19:00', 124, 27),
(90, '2017-10-06', '22:42:00', '21:57:00', 51, 61),
(91, '2018-04-04', '09:40:00', '15:33:00', 16, 22),
(92, '2019-10-09', '08:23:00', '02:31:00', 24, 60),
(93, '2018-11-15', '09:49:00', '18:25:00', 65, 82),
(94, '2018-11-11', '06:18:00', '06:09:00', 81, 132),
(95, '2019-04-20', '01:52:00', '17:37:00', 57, 104),
(96, '2019-10-24', '00:48:00', '13:51:00', 133, 97),
(97, '2018-01-31', '11:50:00', '06:34:00', 30, 144),
(98, '2018-07-05', '06:34:00', '02:12:00', 42, 38),
(99, '2018-11-09', '06:46:00', '03:10:00', 81, 128),
(100, '2019-09-15', '20:30:00', '04:55:00', 119, 36),
(101, '2019-06-07', '23:56:00', '10:48:00', 29, 140),
(102, '2019-05-26', '17:30:00', '13:04:00', 77, 91),
(103, '2019-04-10', '16:02:00', '21:02:00', 8, 48),
(104, '2018-05-06', '02:32:00', '01:13:00', 25, 39),
(105, '2019-10-30', '19:54:00', '17:00:00', 145, 138),
(106, '2019-06-20', '06:48:00', '16:05:00', 136, 128),
(107, '2018-11-30', '03:06:00', '04:21:00', 113, 78),
(108, '2018-07-02', '10:14:00', '16:46:00', 144, 147),
(109, '2019-11-06', '02:00:00', '09:20:00', 149, 132),
(110, '2018-02-09', '16:37:00', '14:59:00', 127, 95),
(111, '2018-04-27', '06:24:00', '21:36:00', 13, 16),
(112, '2018-12-19', '07:27:00', '18:59:00', 105, 116),
(113, '2019-05-15', '12:00:00', '19:31:00', 88, 125),
(114, '2018-12-14', '07:53:00', '17:13:00', 90, 27),
(115, '2018-11-05', '16:20:00', '22:41:00', 63, 69),
(116, '2018-11-07', '14:23:00', '04:32:00', 109, 108),
(117, '2019-05-19', '22:57:00', '20:26:00', 55, 122),
(118, '2019-03-28', '05:56:00', '21:03:00', 24, 74),
(119, '2018-11-04', '04:03:00', '18:38:00', 19, 72),
(120, '2019-11-08', '13:08:00', '21:32:00', 35, 97),
(121, '2019-09-09', '15:26:00', '12:41:00', 88, 76),
(122, '2019-01-31', '21:31:00', '17:28:00', 135, 41),
(123, '2019-08-27', '06:09:00', '02:56:00', 77, 11),
(124, '2019-06-23', '00:51:00', '20:44:00', 24, 129),
(125, '2018-06-12', '03:52:00', '14:11:00', 112, 60),
(126, '2017-12-31', '15:40:00', '14:25:00', 77, 138),
(127, '2018-04-08', '20:02:00', '20:34:00', 78, 113),
(128, '2019-05-15', '02:18:00', '04:40:00', 80, 32),
(129, '2019-02-03', '06:55:00', '16:27:00', 124, 37),
(130, '2019-05-19', '02:17:00', '20:26:00', 101, 14),
(131, '2018-09-06', '01:53:00', '14:45:00', 92, 16),
(132, '2019-05-07', '11:57:00', '16:17:00', 144, 6),
(133, '2019-07-20', '01:12:00', '14:04:00', 90, 140),
(134, '2018-02-04', '16:01:00', '09:46:00', 73, 82),
(135, '2019-09-01', '22:14:00', '22:42:00', 6, 69),
(136, '2018-12-04', '20:59:00', '03:52:00', 38, 118),
(137, '2018-01-16', '00:13:00', '05:52:00', 63, 142),
(138, '2018-10-07', '14:29:00', '19:33:00', 39, 86),
(139, '2018-11-04', '20:11:00', '21:23:00', 143, 148),
(140, '2019-09-10', '17:26:00', '12:22:00', 41, 61),
(141, '2018-12-21', '11:17:00', '20:30:00', 49, 104),
(142, '2019-11-16', '14:56:00', '04:31:00', 67, 10),
(143, '2017-10-11', '22:15:00', '05:59:00', 72, 148),
(144, '2018-12-30', '00:32:00', '05:10:00', 101, 52),
(145, '2019-05-02', '08:26:00', '20:48:00', 147, 79),
(146, '2018-10-07', '22:57:00', '20:05:00', 146, 14),
(147, '2019-09-25', '14:58:00', '23:00:00', 115, 46),
(148, '2019-01-15', '06:26:00', '20:20:00', 61, 134),
(149, '2019-07-26', '13:37:00', '07:39:00', 125, 137),
(150, '2018-09-09', '10:20:00', '14:44:00', 10, 64);

-- --------------------------------------------------------

--
-- Table structure for table `passengers`
--

CREATE TABLE `passengers` (
  `Passenger_ID` bigint(20) NOT NULL,
  `Passenger_Name` varchar(500) DEFAULT NULL,
  `Passport_Number` varchar(500) DEFAULT NULL,
  `Address` varchar(500) DEFAULT NULL,
  `Date_Of_Birth` date DEFAULT NULL,
  `Nationality` varchar(500) DEFAULT NULL,
  `Contact_ID` int(11) DEFAULT NULL
) ENGINE=InnoDB DEFAULT CHARSET=latin1;

--
-- Dumping data for table `passengers`
--

INSERT INTO `passengers` (`Passenger_ID`, `Passenger_Name`, `Passport_Number`, `Address`, `Date_Of_Birth`, `Nationality`, `Contact_ID`) VALUES
(1, 'Jabez Sutheran', '7261072745', '4 Mayer Parkway', '1984-08-23', 'France', 2),
(2, 'Donavon Antram', '9022873846', '11186 Buhler Lane', '1972-10-06', 'Poland', 57),
(3, 'Jaquenette Coots', '2490882864', '144 Farmco Pass', '2012-11-04', 'Poland', 52),
(4, 'Candis Bisacre', '2123851698', '5 Novick Road', '1974-02-14', 'Indonesia', 28),
(5, 'Ainslie Rainard', '9725991141', '92866 Porter Junction', '1994-03-28', 'Poland', 28),
(6, 'Marilyn Nussen', '8551896083', '826 Veith Lane', '1980-01-18', 'Thailand', 124),
(7, 'Dareen Risebrow', '6484491364', '17 Jackson Hill', '1990-07-18', 'Sweden', 34),
(8, 'Angelo Best', '7899648572', '2638 Loftsgordon Street', '2004-02-19', 'China', 16),
(9, 'Helli Cuttles', '8471171872', '76096 Transport Junction', '1971-07-22', 'Peru', 22),
(10, 'Toby Tatem', '8530023552', '21655 Spenser Street', '1999-05-06', 'Poland', 113),
(11, 'Corrie Andryszczak', '5383862110', '479 Hintze Junction', '2009-11-16', 'China', 123),
(12, 'Bili Brookbank', '7658057274', '826 Ridge Oak Avenue', '2003-07-08', 'China', 31),
(13, 'Davida Lavens', '3417539161', '92 Holy Cross Circle', '1987-11-23', 'France', 4),
(14, 'Alina Stamps', '1272488837', '736 Pennsylvania Center', '2007-06-10', 'Indonesia', 18),
(15, 'Missie Plumridege', '7168439855', '0534 Washington Trail', '1984-06-05', 'China', 86),
(16, 'Carmine MacAdie', '2530786690', '36865 Shopko Crossing', '2009-05-19', 'Indonesia', 129),
(17, 'Jessalyn Sorrell', '0344335003', '12 Longview Trail', '1986-10-02', 'Indonesia', 113),
(18, 'Nickolai Skowcraft', '8632246135', '1 Dennis Park', '2014-02-15', 'Nigeria', 10),
(19, 'Athene Clemas', '3291444604', '835 Homewood Trail', '1990-03-09', 'France', 131),
(20, 'Vanna Crewdson', '1735325376', '845 Paget Trail', '1976-04-24', 'Russia', 60),
(21, 'Link Mergue', '6702666292', '928 Springview Terrace', '1978-01-16', 'Czech Republic', 134),
(22, 'Gilbert Sheavills', '6543171677', '1 Mariners Cove Junction', '1999-06-12', 'Mexico', 130),
(23, 'Viviene O\'Callaghan', '9609443885', '02 Little Fleur Road', '1990-10-10', 'Greece', 26),
(24, 'Merwyn Stear', '4268843957', '762 Logan Junction', '2002-08-16', 'Portugal', 142),
(25, 'Jeni Broek', '2718065443', '5696 Sunfield Parkway', '2014-04-02', 'Indonesia', 60),
(26, 'Nickie Phripp', '4586646896', '1 1st Street', '1988-05-15', 'French Polynesia', 35),
(27, 'Nixie Whatley', '4141057916', '7233 La Follette Lane', '1976-05-14', 'China', 117),
(28, 'Jayson Lazarus', '3576725032', '289 Sloan Alley', '1990-12-21', 'Russia', 129),
(29, 'Connor Andreasen', '6585790375', '9674 Browning Point', '1976-04-15', 'Japan', 60),
(30, 'Coralie Rallinshaw', '5980383085', '51 Leroy Lane', '1998-07-02', 'Croatia', 106),
(31, 'Andy Sample', '6552958536', '64 Westerfield Street', '2007-02-25', 'Argentina', 75),
(32, 'Raff Golsworthy', '8359872651', '91 Ridge Oak Court', '2007-02-25', 'Colombia', 83),
(33, 'Cesya Mulles', '6544242349', '78342 Corscot Road', '1978-08-15', 'Egypt', 78),
(34, 'Stormi Le Gall', '5588437462', '25790 Acker Point', '1996-06-25', 'Palestinian Territory', 41),
(35, 'Svend McGee', '5297264340', '7195 Hauk Court', '2007-08-11', 'Mauritius', 50),
(36, 'Trey Westhoff', '8967038348', '5867 Troy Road', '2001-09-23', 'Brazil', 18),
(37, 'Caitlin Lovewell', '7207005474', '8 Erie Way', '1990-02-08', 'China', 108),
(38, 'Craggie Churchward', '0437830713', '669 Sachtjen Crossing', '1980-12-16', 'Poland', 116),
(39, 'Cornall Nance', '7427508483', '18657 Ryan Pass', '1984-04-23', 'Gabon', 103),
(40, 'Edsel Hughesdon', '0672698803', '61610 Holy Cross Way', '2003-06-18', 'United States', 42),
(41, 'Lila Bordis', '9977629579', '53886 Lerdahl Place', '2014-05-17', 'United States', 85),
(42, 'Madeline Strangeway', '3021465714', '6962 Acker Way', '1974-12-12', 'Czech Republic', 126),
(43, 'Dolorita Sisey', '3877362699', '643 Cascade Circle', '1994-07-11', 'China', 107),
(44, 'Brady Gillanders', '8316378280', '749 Victoria Drive', '2014-12-02', 'Myanmar', 17),
(45, 'Francene Guenther', '1045181412', '99 Westerfield Crossing', '1995-04-06', 'Sweden', 30),
(46, 'Daisey Gimlet', '4956467850', '662 Kennedy Park', '1982-05-29', 'China', 99),
(47, 'Deva Lothlorien', '4481848227', '2 Southridge Alley', '1973-10-14', 'Indonesia', 52),
(48, 'Hazlett Doley', '5472424399', '84 Oneill Place', '1970-05-16', 'Ethiopia', 67),
(49, 'Douglass Ashman', '5658636574', '35163 Northport Circle', '1986-09-09', 'Hungary', 19),
(50, 'Shannon Gonnely', '1337406023', '2 Carioca Terrace', '1995-04-01', 'Peru', 4),
(51, 'Timofei Jakubovitch', '3481588402', '1 Susan Pass', '1986-05-07', 'Thailand', 119),
(52, 'Spencer Agent', '2483385427', '94 Fremont Way', '2006-04-01', 'Ukraine', 128),
(53, 'Brandie Caldwall', '7573183763', '0553 Veith Road', '2010-03-23', 'United States', 69),
(54, 'Neill Northover', '8933575898', '20 Jenna Court', '1994-12-10', 'Morocco', 68),
(55, 'Heddi Ickovitz', '1097853217', '709 Schurz Circle', '2013-05-04', 'France', 3),
(56, 'Reed Wannan', '6805468841', '1 Nevada Park', '1976-04-08', 'Honduras', 59),
(57, 'Valina Artiss', '6456738598', '94 School Crossing', '1974-11-23', 'Ukraine', 67),
(58, 'Kimberlee Skahill', '0020766025', '33009 Mosinee Crossing', '1988-11-10', 'Poland', 53),
(59, 'Joscelin Bridywater', '5574466104', '535 Talisman Court', '1997-11-02', 'China', 98),
(60, 'Kalila Savile', '6069807553', '0 Maywood Avenue', '1974-05-13', 'Portugal', 55),
(61, 'Etan Crowley', '2178865305', '70301 Carberry Park', '1994-08-01', 'China', 69),
(62, 'Camilla Rugiero', '2955052256', '60096 Havey Trail', '1980-04-21', 'Indonesia', 90),
(63, 'Kris Baptist', '0326817395', '77630 Grim Street', '1997-12-28', 'Canada', 133),
(64, 'Steffie Dorricott', '3120488380', '721 1st Pass', '1974-07-17', 'Uruguay', 143),
(65, 'Jacob Rottcher', '7251928841', '453 Bay Point', '2003-09-15', 'Uruguay', 90),
(66, 'Samaria Arnott', '0733219667', '149 Moland Court', '1989-07-08', 'Saint Vincent and the Grenadines', 45),
(67, 'Gare Bloore', '6187066561', '32046 Tomscot Crossing', '1994-01-08', 'Venezuela', 34),
(68, 'Rodolphe Slatter', '3608206906', '35552 Clyde Gallagher Avenue', '1976-12-02', 'Pakistan', 113),
(69, 'Corinne Eberdt', '3940773727', '885 Sunnyside Way', '1976-05-12', 'Sweden', 127),
(70, 'Claiborn Moreno', '8150218114', '07878 Moulton Parkway', '2011-01-09', 'Palestinian Territory', 16),
(71, 'Luci Bilsland', '9153215397', '4 Shoshone Road', '2006-08-12', 'Iceland', 14),
(72, 'Renato Dawidowitz', '0702694061', '047 Parkside Avenue', '1998-10-28', 'Indonesia', 108),
(73, 'Silvester Nye', '1746692553', '262 Kings Street', '1997-02-12', 'Honduras', 147),
(74, 'Barrie Spofford', '7468466254', '47192 Village Green Plaza', '1970-09-12', 'Brazil', 79),
(75, 'Tyler Levick', '6625645702', '224 Kingsford Center', '1990-03-24', 'Ukraine', 125),
(76, 'Adina Cluitt', '9993322296', '0275 Tennessee Junction', '1997-07-22', 'Bulgaria', 86),
(77, 'Zara Moniker', '2921762781', '36 Eggendart Point', '1995-03-30', 'China', 88),
(78, 'Pascale Tiernan', '8436500849', '039 Lindbergh Park', '1990-05-27', 'Brazil', 94),
(79, 'Lisetta Raddan', '5066335099', '902 Cambridge Way', '1990-01-01', 'China', 89),
(80, 'Fredra Edlestone', '8397365095', '279 Northfield Road', '1999-03-15', 'Philippines', 85),
(81, 'Garey Kynder', '4187408347', '6499 Eliot Trail', '1973-08-19', 'China', 142),
(82, 'Kipper Klimschak', '5903486509', '78456 Merchant Hill', '2013-07-20', 'Vietnam', 135),
(83, 'Jacky Hartfield', '7501257744', '1 Jenna Alley', '1970-07-16', 'Guatemala', 34),
(84, 'Enrica Domel', '4523667756', '08433 Buell Lane', '2012-06-20', 'Japan', 42),
(85, 'Ode Hopkynson', '7625743284', '56552 Arizona Court', '1998-02-16', 'China', 114),
(86, 'Kellsie Durdan', '7233462852', '2 6th Crossing', '1989-07-09', 'Luxembourg', 16),
(87, 'Ashley Lamborne', '6057165705', '8886 Kinsman Plaza', '1994-05-18', 'Russia', 135),
(88, 'Charlton Pidgeon', '0948089830', '732 Vernon Lane', '1970-04-09', 'Greece', 23),
(89, 'Carolina Hardwell', '4610921707', '2 Gina Park', '1996-11-24', 'Czech Republic', 33),
(90, 'Scotty Ellerman', '9090451811', '22416 Mesta Crossing', '1984-11-25', 'China', 141),
(91, 'Crin Wakerley', '7980263871', '6096 Dunning Terrace', '2010-12-30', 'Ireland', 148),
(92, 'Kristopher Jennions', '3906837149', '9 Erie Pass', '1984-04-26', 'China', 57),
(93, 'Dyanna Odney', '7546858089', '9820 Arizona Avenue', '1979-08-24', 'Czech Republic', 124),
(94, 'Huntington Attwood', '3846733695', '4 Rigney Hill', '1993-10-14', 'Brazil', 127),
(95, 'Vivian Garden', '0947364315', '2263 Artisan Terrace', '1975-06-17', 'China', 31),
(96, 'Reggie Duckinfield', '9441539961', '3097 Roth Terrace', '1972-12-02', 'Denmark', 72),
(97, 'Harmon Wookey', '2345109793', '73 Muir Place', '1985-01-20', 'Russia', 23),
(98, 'Siffre Blackaller', '7974431083', '0 Lerdahl Junction', '1979-10-12', 'Russia', 38),
(99, 'Hendrick Tanton', '7069020554', '603 Village Street', '1996-02-29', 'Japan', 117),
(100, 'Rudd Thorley', '8658998096', '37 Oneill Point', '1994-01-14', 'Sweden', 120),
(101, 'Tabby Salazar', '9866992810', '1494 Main Court', '1974-02-09', 'Namibia', 71),
(102, 'Cristobal Ondra', '7990256606', '209 Pond Lane', '1990-12-24', 'Netherlands', 147),
(103, 'Derward Mousley', '5922964194', '58 Helena Circle', '1992-11-04', 'Portugal', 6),
(104, 'Lyndsey Lutz', '9285362435', '6152 Kim Way', '1985-10-01', 'Palestinian Territory', 142),
(105, 'Cherin Biss', '2542448191', '99479 Talisman Circle', '1996-08-09', 'China', 140),
(106, 'Eberto Pakenham', '9502561244', '164 Hoard Place', '1991-05-19', 'China', 73),
(107, 'Sadie Streeter', '5591398812', '783 2nd Plaza', '1997-10-27', 'Greece', 134),
(108, 'Melinda Yateman', '1121720722', '1903 Lunder Way', '1971-07-23', 'Russia', 141),
(109, 'Elton Sandeman', '8567049423', '5406 Jay Trail', '2011-01-25', 'Spain', 70),
(110, 'Phillipe Duchasteau', '5232922823', '73632 Bluejay Way', '1991-06-25', 'Brazil', 119),
(111, 'Vittoria Larroway', '1743447485', '1 Forest Terrace', '2001-07-16', 'Philippines', 64),
(112, 'Morris Renols', '2114744817', '44622 Daystar Way', '1996-07-09', 'Poland', 29),
(113, 'Robbie Hasney', '7281660502', '0 Crowley Trail', '1973-02-16', 'China', 98),
(114, 'Vera Giabucci', '8994843264', '336 Hovde Center', '2003-09-24', 'Indonesia', 55),
(115, 'Farra Litzmann', '2529164762', '10 Mcbride Way', '1986-07-08', 'China', 146),
(116, 'Kittie Nairne', '8826936951', '904 Twin Pines Street', '1973-12-18', 'Portugal', 141),
(117, 'Malorie Delves', '2707455490', '2 Riverside Junction', '1985-09-03', 'Sweden', 149),
(118, 'Loella Thackwray', '0985634928', '12 Manley Street', '1971-09-06', 'Poland', 14),
(119, 'Larine Cosens', '7056573967', '32 Bartelt Junction', '1981-06-19', 'Poland', 139),
(120, 'Gabrielle Grunder', '3618239017', '3694 Maple Pass', '2007-08-27', 'Ukraine', 136),
(121, 'Gerti Schultes', '6628888061', '7091 Crownhardt Drive', '1970-02-13', 'Poland', 45),
(122, 'Hazel Toxell', '4066721966', '20872 Tennessee Lane', '1981-07-13', 'China', 135),
(123, 'Horatio Ragsdall', '0275427757', '6904 Bellgrove Plaza', '2007-11-27', 'Vietnam', 23),
(124, 'Carey Heynen', '2270768582', '28 Petterle Terrace', '1999-12-27', 'Afghanistan', 29),
(125, 'Scarface Ruddle', '0027635899', '8 Carpenter Park', '1973-03-05', 'France', 82),
(126, 'Mic Janjusevic', '7738327847', '448 Carioca Plaza', '1994-07-01', 'Brazil', 119),
(127, 'Austin Giffard', '8866010553', '8328 Magdeline Park', '1980-08-13', 'China', 131),
(128, 'Angelle Giacobelli', '3965480588', '57 Pond Road', '1986-12-05', 'Brazil', 80),
(129, 'Adams Stiegers', '2635000115', '03792 Oak Plaza', '1989-11-19', 'Albania', 83),
(130, 'Roxie Winny', '5673923171', '43 Sutherland Court', '2006-12-31', 'Peru', 105),
(131, 'Claudetta Malafe', '1511353767', '22135 Walton Court', '1997-07-27', 'Indonesia', 72),
(132, 'Emalia Trassler', '0085339423', '4978 Kedzie Alley', '2000-09-02', 'Canada', 25),
(133, 'Tessa Winsiowiecki', '7171158314', '776 Mesta Avenue', '1970-05-18', 'Bolivia', 79),
(134, 'Nevsa Vignaux', '8062827763', '1 Jackson Junction', '1998-08-09', 'Pakistan', 43),
(135, 'Georgiana Castanares', '2946906523', '5 Northland Trail', '1988-01-23', 'China', 43),
(136, 'Nowell Marushak', '2334732028', '978 Florence Crossing', '1981-07-27', 'Indonesia', 34),
(137, 'Inger Sprason', '2685726438', '3 Sugar Street', '2011-04-16', 'Indonesia', 25),
(138, 'Findley D\'Ugo', '6372565072', '95 Scofield Hill', '1994-08-01', 'Portugal', 101),
(139, 'Ruben Palombi', '2232435784', '685 Northport Alley', '2007-12-29', 'Tanzania', 144),
(140, 'Minni Myrie', '1425995799', '46 Bartelt Crossing', '1986-09-24', 'United States', 111),
(141, 'Kora Danielut', '2754644261', '4997 Southridge Street', '1981-08-19', 'France', 54),
(142, 'Lucy Salvadori', '7490236991', '1998 Melrose Terrace', '1978-05-25', 'China', 142),
(143, 'Ashil Pavluk', '2105391036', '7 Nova Trail', '1992-06-12', 'Venezuela', 65),
(144, 'Reagan Thairs', '3073023496', '9 Buell Circle', '1987-12-11', 'Argentina', 149),
(145, 'Dorian Bartlomiejczyk', '4274300986', '00695 Badeau Trail', '1981-02-13', 'Moldova', 93),
(146, 'Karlik Edworthy', '8553384608', '65919 Johnson Road', '2002-11-21', 'Morocco', 106),
(147, 'Gerhardine Brauninger', '1803987030', '38844 Grayhawk Center', '1999-12-21', 'Indonesia', 10),
(148, 'Carey McGurgan', '9843593731', '1 Karstens Lane', '1991-04-21', 'Czech Republic', 137),
(149, 'Dix Pendlebury', '2156896844', '19 Waxwing Lane', '1994-05-23', 'Indonesia', 109),
(150, 'Dorothee Tompkiss', '3660092355', '8 Melby Street', '2006-08-14', 'South Africa', 9);

-- --------------------------------------------------------

--
-- Table structure for table `route`
--

CREATE TABLE `route` (
  `Route_ID` int(11) NOT NULL,
  `Departure_Airport` varchar(50) DEFAULT NULL,
  `Destination_Airport` varchar(50) DEFAULT NULL,
  `Route_Code` varchar(50) DEFAULT NULL
) ENGINE=InnoDB DEFAULT CHARSET=latin1;

--
-- Dumping data for table `route`
--

INSERT INTO `route` (`Route_ID`, `Departure_Airport`, `Destination_Airport`, `Route_Code`) VALUES
(1, 'Suf?lat Sam?il', 'Dubai International Airport', '832-35-2988'),
(2, 'Dubai International Airport', 'Los Angeles International Airport', '656-11-2973'),
(3, 'Jalingo', 'Los Angeles International Airport', '601-61-6236'),
(4, 'Los Angeles International Airport', 'Dubai International Airport', '345-73-2721'),
(5, 'Rumilly', 'Linjiang', '249-11-1000'),
(6, 'Luis Donaldo Colosio', 'Dubai International Airport', '676-20-4017'),
(7, 'Benjamin Constant', 'Domartang', '620-17-4413'),
(8, 'Cairo International Airport', 'Fresnes', '441-67-4344'),
(9, 'Luoxi', 'Los Angeles International Airport', '719-09-6858'),
(10, 'Cairo International Airport', 'Dubai International Airport', '713-66-7227'),
(11, 'Los Angeles International Airport', 'Futian', '457-39-1530'),
(12, 'Margacina', 'Cairo International Airport', '679-10-9621'),
(13, 'Ruyigi', 'Los Angeles International Airport', '322-27-9200'),
(14, 'Arshaluys', 'Dubai International Airport', '202-50-4075'),
(15, 'Augusta', 'Los Angeles International Airport', '685-36-8716'),
(16, 'Kitob', 'Cairo International Airport', '161-40-3226'),
(17, 'Fengyuan', 'Dubai International Airport', '745-96-8505'),
(18, 'Topeka', 'Wantou', '400-90-9834'),
(19, 'So Torcato', 'Dubai International Airport', '834-89-9361'),
(20, 'Banjarjo', 'Cuevas', '847-44-5218'),
(21, 'Shahr-e B?bak', 'Dubai International Airport', '200-94-2469'),
(22, 'Cairo International Airport', 'Nyazepetrovsk', '184-43-2258'),
(23, 'Th? Tr?n Th?t Kh', 'Los Angeles International Airport', '571-38-0069'),
(24, 'Bordeaux', 'Dubai International Airport', '182-08-0077'),
(25, 'Dubai International Airport', 'Liche? Stary', '412-66-0163'),
(26, 'Ribeirpolis', 'Yanqian', '355-10-8050'),
(27, 'Butel', 'Lac-Brome', '825-83-0041'),
(28, 'Sambopinggir', 'Dubai International Airport', '619-75-1632'),
(29, 'Dubai International Airport', 'Yanqi', '776-40-6252'),
(30, 'Lannion', 'Dubai International Airport', '348-94-6167'),
(31, 'Dubai International Airport', 'Praingkareha', '163-77-6621'),
(32, 'Niedercorn', 'Limenria', '855-11-2660'),
(33, 'Gaotai', 'Dubai International Airport', '597-41-3964'),
(34, 'Xinheng', 'Mawa', '352-25-2988'),
(35, 'Lukashin', 'Dubai International Airport', '455-10-5851'),
(36, 'Bendoroto', 'Iogach', '417-81-0054'),
(37, 'Krajan Tekung', 'Dubai International Airport', '639-22-6124'),
(38, 'Zdiby', 'Carapelhos', '465-06-1906'),
(39, 'Vigan', 'Dubai International Airport', '572-13-4025'),
(40, 'Camabatela', 'Banjar Danginsema', '565-09-0422'),
(41, 'Bhalil', 'Bechln', '303-31-5741'),
(42, 'Unidos', 'Hobor', '787-56-1411'),
(43, 'Ransang', 'Dubai International Airport', '481-72-6120'),
(44, 'Votkinsk', 'Kallthiron', '899-18-7077'),
(45, 'So Domingos', 'Barwa?d ?redni', '170-09-6293'),
(46, 'Dubai International Airport', 'Limoges', '551-21-4895'),
(47, 'by', 'Dubai International Airport', '374-58-0979'),
(48, 'Pajung', 'Ibat', '314-90-0718'),
(49, 'Telbang', 'Nanmu', '351-88-7862'),
(50, 'Mitsuke', 'Dubai International Airport', '232-60-7955'),
(51, 'Xiayang', 'Volovets', '881-92-0797'),
(52, 'Dubai International Airport', 'Simrishamn', '408-20-8883'),
(53, 'Yanda Bayo', 'Lewolen', '862-53-1367'),
(54, 'Cabeas Verdes', 'Wakapuken', '776-57-5032'),
(55, 'Rungkang', 'Dubai International Airport', '302-34-8902'),
(56, 'Gurgurnica', 'Beaumont', '477-50-4809'),
(57, 'Mbandjok', 'Dubai International Airport', '718-97-6998'),
(58, 'Velk Opatovice', 'Ilanda', '111-32-1681'),
(59, 'Lidong', 'Dubai International Airport', '504-71-7952'),
(60, 'Dubai International Airport', 'Tha Muang', '403-26-8159'),
(61, 'Tawala', 'Razvanje', '334-04-2510'),
(62, 'Shangfang', 'Dubai International Airport', '725-85-4839'),
(63, 'Dubai International Airport', 'Ozorkw', '519-72-6874'),
(64, 'Puspajaya', 'Dubai International Airport', '511-82-3011'),
(65, 'Dhali', 'Qiawan', '527-41-4064'),
(66, 'Mnchen', 'Tilcara', '308-53-6493'),
(67, 'Kebonsari Kidul', 'Soutocico', '412-33-5055'),
(68, 'La Chapelle-sur-Erdre', 'Seattle', '262-16-4529'),
(69, 'Skopin', 'Dubai International Airport', '198-53-8926'),
(70, 'Sogod', 'Santa Rita', '675-04-3849'),
(71, 'Dubai International Airport', 'Boyarka', '865-03-1421'),
(72, 'Sumberkrajan', 'Sandu', '275-14-9846'),
(73, 'Nanhe', 'Singida', '883-06-9913'),
(74, 'San Martn de los Andes', 'Banyumas', '624-08-7633'),
(75, 'Panyingkiran', 'Uniejw', '785-08-0032'),
(76, 'Novoulyanovsk', 'Taoxi', '423-20-2210'),
(77, 'Nishi-Tokyo-shi', 'Las Yaras', '726-39-6667'),
(78, 'B?qim as S?q', 'Okayama-shi', '825-69-5575'),
(79, 'Kaloyanovo', 'Cikai', '860-02-1571'),
(80, 'Lagasit', 'Grand Rapids', '534-02-9894'),
(81, 'Doug An', 'Had?li', '304-50-5668'),
(82, 'Chiguayante', 'Xinji', '528-02-0999'),
(83, 'Clarines', 'Kawengan', '323-07-8184'),
(84, 'La Roche-sur-Yon', 'Maha Sarakham', '665-35-3238'),
(85, 'Guaratinguet', 'Maradabangga', '805-57-6930'),
(86, 'Tunj', 'Tsuruga', '339-23-1104'),
(87, 'Ribeiro', 'Jiangbei', '898-71-8737'),
(88, 'Heshe', 'Bongsri', '643-77-9002'),
(89, 'Krajan Sumberanget', 'Hongtu', '192-67-5434'),
(90, 'K-Macina', 'Laugar', '647-19-2299'),
(91, 'Sendangagung', 'Yuanquan', '169-08-7363'),
(92, 'Yarang', 'Tisco', '426-99-2153'),
(93, 'Santa Fe', 'Shajing', '553-83-1970'),
(94, 'Chenglin', 'Elefsna', '565-99-2065'),
(95, 'Urazovo', 'Klutuk', '168-45-4245'),
(96, 'Bridgetown', 'Mloko', '409-26-0165'),
(97, 'Na Muen', 'Khorugh', '229-52-8413'),
(98, 'Baisha', 'Lushnj', '466-40-9748'),
(99, 'H?ng Yn', 'Las Vegas', '580-80-0390'),
(100, 'Gbawe', 'Namur', '306-49-5408'),
(101, 'Port Louis', 'Mamanguape', '264-19-3061'),
(102, 'Sakura', 'Dubai International Airport', '645-82-3938'),
(103, 'Dubai International Airport', 'Qiaodong', '853-41-7492'),
(104, 'Cabano', 'Prigny', '503-52-4224'),
(105, 'Broc?ni', 'Carman', '821-58-2050'),
(106, 'Huaping', 'Dubai International Airport', '655-87-0709'),
(107, 'Crates', 'Gushi', '281-89-9890'),
(108, 'Ban Houayxay', 'Vila Boa do Bispo', '798-41-3022'),
(109, 'Lesuhe', 'Puncakwangi', '359-72-9566'),
(110, 'Makadi Bay', 'Hairag', '379-56-6945'),
(111, 'Machet', 'Dubai International Airport', '589-77-5047'),
(112, 'Lingqiao', 'Liang', '813-11-8983'),
(113, 'Rouen', 'Sindang', '608-95-7939'),
(114, 'Al Jawf', 'Dubai International Airport', '371-53-1810'),
(115, 'Yuantan', 'Villavicencio', '143-98-3114'),
(116, 'Stakhanov', 'Ciwidara', '375-91-5114'),
(117, 'Chengfeng', 'Krupka', '728-72-2204'),
(118, 'Vale de Rolas', 'Dubai International Airport', '421-68-9183'),
(119, 'Concepcin del Uruguay', 'Los Angeles International Airport', '404-73-6694'),
(120, 'dnice', 'Hirvensalmi', '712-88-0183'),
(121, 'Thetford-Mines', 'Shatou', '458-79-4701'),
(122, 'Bochum', 'Niulanshan', '148-56-8260'),
(123, 'Dalun', 'Dubai International Airport', '176-65-6606'),
(124, 'Mezhdurechensk', 'Nanan', '212-21-8259'),
(125, 'Los Angeles International Airport', 'Dubai International Airport', '504-19-4883'),
(126, 'Niny', 'Staraya Derevnya', '826-94-6184'),
(127, 'Canturay', 'Los Angeles International Airport', '401-55-5542'),
(128, 'Erie', 'Palpal', '409-89-8123'),
(129, 'Pirogovo', 'Los Angeles International Airport', '786-51-2983'),
(130, 'Jrna', 'Nerekhta', '153-88-6401'),
(131, 'Timr', 'Los Angeles International Airport', '365-97-2109'),
(132, 'Zouparria do Monte', 'Open Stage', '570-74-4410'),
(133, 'Serowe', 'So Gabriel', '486-67-6901'),
(134, 'Kaavi', 'Los Angeles International Airport', '513-05-2959'),
(135, 'Litvnovice', 'Bichura', '299-24-4284'),
(136, 'Khon San', 'Liping', '196-45-2664'),
(137, 'Cikadu', 'Salitral', '808-84-5747'),
(138, 'Getafe', 'Los Angeles International Airport', '171-02-7066'),
(139, 'Iwai', 'Los Angeles International Airport', '828-32-9381'),
(140, 'San Sebastian', 'Nguigmi', '684-03-4119'),
(141, 'K?pie ?alesza?skie', 'Pompu', '354-70-8187'),
(142, 'Dagang', 'Los Angeles International Airport', '362-78-4632'),
(143, 'Christchurch', 'Denton', '595-73-6609'),
(144, 'Wonocoyo Utara', 'Dziergowice', '468-32-9479'),
(145, 'Marsabit', 'Panaoti', '296-60-9191'),
(146, 'Huaihe', 'Los Angeles International Airport', '806-56-3971'),
(147, 'Lobuni', 'Moneghetti', '574-78-7879'),
(148, 'Bata Tengah', 'Los Angeles International Airport', '509-87-1802'),
(149, 'Jinglou', 'Cigadog', '843-70-7032'),
(150, 'Khallat ??li?', 'Ogwashi-Uku', '830-36-8451');

-- --------------------------------------------------------

--
-- Table structure for table `states`
--

CREATE TABLE `states` (
  `State_Id` bigint(20) NOT NULL,
  `State_Name` varchar(500) DEFAULT NULL,
  `Country_Id` bigint(20) DEFAULT NULL
) ENGINE=InnoDB DEFAULT CHARSET=latin1;

--
-- Dumping data for table `states`
--

INSERT INTO `states` (`State_Id`, `State_Name`, `Country_Id`) VALUES
(1, 'Florida', 49),
(2, 'District of Columbia', 53),
(3, 'Georgia', 38),
(4, 'California', 116),
(5, 'California', 107),
(6, 'Texas', 96),
(7, 'Texas', 48),
(8, 'Washington', 64),
(9, 'New York', 23),
(10, 'Florida', 58),
(11, 'Texas', 127),
(12, 'Alabama', 20),
(13, 'Illinois', 36),
(14, 'Texas', 56),
(15, 'Colorado', 34),
(16, 'California', 133),
(17, 'California', 140),
(18, 'Texas', 81),
(19, 'Ohio', 35),
(20, 'Louisiana', 15),
(21, 'Pennsylvania', 19),
(22, 'Illinois', 13),
(23, 'New York', 64),
(24, 'Missouri', 65),
(25, 'Utah', 8),
(26, 'Utah', 150),
(27, 'Arizona', 74),
(28, 'Oklahoma', 131),
(29, 'Georgia', 15),
(30, 'Utah', 8),
(31, 'District of Columbia', 55),
(32, 'Michigan', 52),
(33, 'Florida', 130),
(34, 'Virginia', 131),
(35, 'District of Columbia', 148),
(36, 'Oklahoma', 134),
(37, 'Michigan', 34),
(38, 'Pennsylvania', 4),
(39, 'Georgia', 28),
(40, 'Florida', 33),
(41, 'Texas', 135),
(42, 'California', 91),
(43, 'California', 1),
(44, 'Louisiana', 76),
(45, 'Texas', 3),
(46, 'Texas', 3),
(47, 'Virginia', 66),
(48, 'New York', 146),
(49, 'Ohio', 148),
(50, 'New Mexico', 148),
(51, 'Texas', 122),
(52, 'Oklahoma', 118),
(53, 'California', 126),
(54, 'New York', 18),
(55, 'Idaho', 79),
(56, 'Tennessee', 25),
(57, 'Texas', 127),
(58, 'Pennsylvania', 78),
(59, 'New York', 31),
(60, 'Virginia', 83),
(61, 'Oklahoma', 54),
(62, 'California', 31),
(63, 'California', 86),
(64, 'Montana', 132),
(65, 'North Carolina', 17),
(66, 'Florida', 82),
(67, 'Alaska', 144),
(68, 'New Hampshire', 45),
(69, 'Hawaii', 135),
(70, 'Florida', 124),
(71, 'Colorado', 92),
(72, 'California', 34),
(73, 'Tennessee', 65),
(74, 'Colorado', 49),
(75, 'California', 13),
(76, 'Nevada', 126),
(77, 'Florida', 63),
(78, 'Massachusetts', 111),
(79, 'Texas', 11),
(80, 'Wisconsin', 25),
(81, 'Florida', 50),
(82, 'California', 120),
(83, 'California', 88),
(84, 'Florida', 104),
(85, 'Ohio', 27),
(86, 'Illinois', 1),
(87, 'Illinois', 150),
(88, 'California', 65),
(89, 'Arizona', 117),
(90, 'California', 62),
(91, 'Colorado', 124),
(92, 'Washington', 92),
(93, 'Florida', 61),
(94, 'Iowa', 54),
(95, 'Michigan', 12),
(96, 'Colorado', 120),
(97, 'Texas', 128),
(98, 'California', 116),
(99, 'Texas', 110),
(100, 'Pennsylvania', 15),
(101, 'Missouri', 52),
(102, 'Ohio', 91),
(103, 'South Carolina', 21),
(104, 'Kansas', 67),
(105, 'California', 118),
(106, 'Colorado', 68),
(107, 'Delaware', 146),
(108, 'New York', 60),
(109, 'District of Columbia', 141),
(110, 'Nevada', 22),
(111, 'New York', 41),
(112, 'Georgia', 63),
(113, 'New Mexico', 82),
(114, 'Louisiana', 119),
(115, 'Texas', 112),
(116, 'Georgia', 116),
(117, 'Mississippi', 91),
(118, 'Texas', 58),
(119, 'New York', 35),
(120, 'Virginia', 57),
(121, 'Oklahoma', 144),
(122, 'Ohio', 60),
(123, 'Ohio', 63),
(124, 'Arizona', 18),
(125, 'California', 88),
(126, 'Massachusetts', 137),
(127, 'California', 84),
(128, 'California', 9),
(129, 'Michigan', 56),
(130, 'Florida', 67),
(131, 'Florida', 149),
(132, 'Washington', 19),
(133, 'California', 59),
(134, 'Maryland', 81),
(135, 'Ohio', 14),
(136, 'Colorado', 11),
(137, 'Kansas', 53),
(138, 'Texas', 59),
(139, 'Florida', 147),
(140, 'Oklahoma', 94),
(141, 'Tennessee', 95),
(142, 'Minnesota', 73),
(143, 'Arizona', 52),
(144, 'Indiana', 94),
(145, 'Illinois', 4),
(146, 'Ohio', 117),
(147, 'Florida', 4),
(148, 'Iowa', 8),
(149, 'Arizona', 116),
(150, 'Texas', 78);

-- --------------------------------------------------------

--
-- Table structure for table `transactions`
--

CREATE TABLE `transactions` (
  `Transaction_Id` bigint(20) NOT NULL,
  `Booking_date` date DEFAULT NULL,
  `Departure_date` date DEFAULT NULL,
  `Passenger_Id` int(11) DEFAULT NULL,
  `Flight_Id` int(11) DEFAULT NULL,
  `Employee_Id` int(11) DEFAULT NULL,
  `Amount` bigint(20) DEFAULT NULL
) ENGINE=InnoDB DEFAULT CHARSET=latin1;

--
-- Dumping data for table `transactions`
--

INSERT INTO `transactions` (`Transaction_Id`, `Booking_date`, `Departure_date`, `Passenger_Id`, `Flight_Id`, `Employee_Id`, `Amount`) VALUES
(1, '2017-11-04', '2018-05-29', 83, 22, 4, 10738),
(2, '2018-08-31', '2017-12-19', 140, 95, 57, 26648),
(3, '2019-02-18', '2017-12-01', 93, 55, 32, 37384),
(4, '2018-03-21', '2019-06-18', 121, 89, 52, 56674),
(5, '2018-10-22', '2017-12-20', 100, 99, 74, 69755),
(6, '2018-08-02', '2019-01-08', 134, 100, 126, 61974),
(7, '2018-08-18', '2019-10-26', 146, 22, 148, 60857),
(8, '2019-01-20', '2018-07-31', 7, 110, 118, 26555),
(9, '2018-08-15', '2018-05-27', 19, 13, 77, 47124),
(10, '2019-04-25', '2019-03-31', 19, 56, 37, 58113),
(11, '2018-08-19', '2019-04-15', 69, 121, 140, 49991),
(12, '2018-05-18', '2017-12-13', 61, 73, 121, 21981),
(13, '2019-10-29', '2019-03-25', 120, 8, 113, 42336),
(14, '2019-11-05', '2017-10-26', 57, 103, 25, 27475),
(15, '2019-02-16', '2018-10-14', 124, 18, 59, 6753),
(16, '2019-03-18', '2018-11-25', 123, 36, 43, 43419),
(17, '2019-05-02', '2019-09-12', 104, 46, 73, 56072),
(18, '2019-06-13', '2017-12-26', 64, 66, 91, 22567),
(19, '2018-05-24', '2018-10-22', 86, 2, 105, 43355),
(20, '2018-09-04', '2019-03-14', 89, 84, 88, 20444),
(21, '2018-11-15', '2019-02-15', 85, 40, 24, 36413),
(22, '2019-06-12', '2017-12-27', 14, 88, 79, 4494),
(23, '2019-09-10', '2018-08-18', 56, 80, 67, 9627),
(24, '2019-07-02', '2019-01-12', 127, 17, 18, 47785),
(25, '2019-03-01', '2018-03-12', 136, 10, 3, 14333),
(26, '2017-11-29', '2018-03-01', 120, 31, 126, 63789),
(27, '2019-08-28', '2017-11-15', 26, 9, 96, 63245),
(28, '2018-02-27', '2019-03-07', 86, 58, 84, 49354),
(29, '2018-11-06', '2019-01-10', 15, 32, 71, 47478),
(30, '2019-02-09', '2019-04-10', 148, 120, 145, 43679),
(31, '2018-02-16', '2019-02-05', 141, 14, 144, 13101),
(32, '2019-10-01', '2017-10-13', 125, 118, 131, 14634),
(33, '2017-12-07', '2019-04-22', 56, 110, 97, 60989),
(34, '2018-03-30', '2017-10-25', 110, 101, 100, 25147),
(35, '2018-01-23', '2018-05-22', 150, 97, 123, 23166),
(36, '2018-12-31', '2018-03-02', 67, 63, 78, 32353),
(37, '2018-08-16', '2018-06-05', 78, 17, 81, 8939),
(38, '2019-01-05', '2017-10-07', 122, 94, 23, 1508),
(39, '2018-05-09', '2019-11-18', 3, 62, 16, 72625),
(40, '2019-06-14', '2018-07-05', 89, 11, 2, 35190),
(41, '2019-01-20', '2019-03-21', 112, 1, 27, 58745),
(42, '2017-12-19', '2018-09-04', 97, 58, 128, 7732),
(43, '2018-09-08', '2018-06-07', 118, 90, 80, 21442),
(44, '2019-09-01', '2019-05-02', 72, 71, 106, 22451),
(45, '2018-11-25', '2018-08-26', 20, 53, 9, 9180),
(46, '2018-02-12', '2019-04-26', 83, 129, 16, 15253),
(47, '2019-09-27', '2019-02-23', 14, 69, 10, 11174),
(48, '2017-12-13', '2018-06-16', 11, 100, 146, 74501),
(49, '2018-12-06', '2018-01-12', 8, 87, 89, 64093),
(50, '2019-10-09', '2018-12-15', 63, 2, 17, 21873),
(51, '2017-12-21', '2018-12-29', 2, 29, 125, 48884),
(52, '2018-03-03', '2018-01-26', 107, 102, 73, 56070),
(53, '2019-09-17', '2019-01-18', 125, 79, 111, 57844),
(54, '2018-08-26', '2017-12-26', 23, 125, 87, 8016),
(55, '2018-11-21', '2017-12-06', 28, 32, 141, 34921),
(56, '2018-07-24', '2019-03-12', 107, 39, 13, 30711),
(57, '2018-03-26', '2018-05-14', 90, 67, 67, 61672),
(58, '2018-01-23', '2018-06-24', 21, 104, 21, 32157),
(59, '2019-06-23', '2018-10-25', 84, 134, 77, 27504),
(60, '2018-07-11', '2018-08-21', 56, 143, 40, 35262),
(61, '2019-06-23', '2019-10-31', 39, 29, 28, 5267),
(62, '2018-07-22', '2018-12-05', 121, 127, 129, 8754),
(63, '2018-11-28', '2018-09-17', 88, 54, 92, 53782),
(64, '2018-11-30', '2018-02-27', 29, 1, 128, 62202),
(65, '2018-03-12', '2018-08-05', 82, 124, 123, 7167),
(66, '2018-03-14', '2019-01-02', 64, 105, 73, 2467),
(67, '2019-10-20', '2019-02-12', 97, 91, 53, 15712),
(68, '2018-09-18', '2018-04-11', 100, 20, 75, 19754),
(69, '2019-02-23', '2018-08-29', 127, 128, 130, 2703),
(70, '2018-02-14', '2018-09-01', 38, 103, 34, 59228),
(71, '2019-04-17', '2018-07-06', 48, 54, 97, 15897),
(72, '2017-11-17', '2018-02-26', 104, 107, 58, 30262),
(73, '2018-01-20', '2018-06-15', 91, 95, 108, 65935),
(74, '2019-09-18', '2018-09-22', 113, 31, 34, 3417),
(75, '2019-03-08', '2019-06-10', 107, 147, 68, 42083),
(76, '2018-10-19', '2019-06-28', 109, 34, 4, 71587),
(77, '2019-06-10', '2017-11-22', 17, 121, 100, 15343),
(78, '2019-11-12', '2019-05-28', 147, 141, 141, 7007),
(79, '2018-08-11', '2018-12-02', 59, 146, 136, 10565),
(80, '2018-04-29', '2017-11-17', 74, 55, 91, 28449),
(81, '2019-10-31', '2019-08-20', 16, 112, 79, 43479),
(82, '2018-03-09', '2018-02-06', 6, 142, 103, 54042),
(83, '2018-07-26', '2018-03-20', 43, 34, 61, 39307),
(84, '2019-07-23', '2018-07-07', 114, 10, 48, 4575),
(85, '2018-03-01', '2018-03-27', 148, 142, 75, 10583),
(86, '2019-08-31', '2018-09-10', 15, 77, 58, 41511),
(87, '2019-02-09', '2018-05-07', 35, 57, 127, 52768),
(88, '2018-06-08', '2018-01-22', 88, 95, 39, 25236),
(89, '2019-04-23', '2019-11-24', 74, 97, 7, 25359),
(90, '2018-08-30', '2018-07-25', 43, 117, 34, 3000),
(91, '2017-10-19', '2018-11-15', 117, 132, 98, 38449),
(92, '2017-12-29', '2019-10-29', 72, 41, 116, 55545),
(93, '2017-12-23', '2018-07-04', 108, 132, 109, 9510),
(94, '2018-12-29', '2017-11-11', 124, 110, 133, 43114),
(95, '2017-12-15', '2018-09-19', 129, 39, 128, 65293),
(96, '2017-12-30', '2019-04-19', 128, 114, 9, 13329),
(97, '2019-06-02', '2017-12-31', 30, 47, 12, 43453),
(98, '2018-11-15', '2018-10-05', 92, 109, 29, 41496),
(99, '2017-11-01', '2018-10-05', 148, 58, 123, 61543),
(100, '2018-04-12', '2018-03-06', 115, 21, 86, 6769),
(101, '2019-04-04', '2018-10-22', 139, 90, 84, 47548),
(102, '2017-12-11', '2018-06-01', 43, 23, 22, 26395),
(103, '2018-05-16', '2018-11-06', 120, 11, 90, 64537),
(104, '2019-01-03', '2019-01-20', 149, 109, 74, 22615),
(105, '2018-05-24', '2019-07-24', 23, 141, 24, 17735),
(106, '2019-05-27', '2019-10-22', 9, 95, 106, 19797),
(107, '2017-11-19', '2018-03-21', 35, 93, 69, 43722),
(108, '2018-01-11', '2019-05-20', 95, 101, 21, 56334),
(109, '2018-12-16', '2018-07-29', 75, 31, 35, 38810),
(110, '2017-10-11', '2017-12-27', 68, 131, 16, 26433),
(111, '2017-12-15', '2019-06-04', 100, 8, 29, 62991),
(112, '2018-12-14', '2019-09-24', 132, 91, 3, 27279),
(113, '2019-07-31', '2018-01-01', 35, 111, 128, 65177),
(114, '2019-03-31', '2018-01-01', 2, 68, 88, 71619),
(115, '2019-03-28', '2019-08-18', 92, 16, 66, 56335),
(116, '2018-06-28', '2019-02-24', 113, 101, 130, 16920),
(117, '2019-03-30', '2019-03-24', 32, 132, 80, 33815),
(118, '2017-12-11', '2019-05-20', 68, 79, 6, 3557),
(119, '2017-10-09', '2018-09-10', 34, 67, 146, 16026),
(120, '2019-05-03', '2018-12-12', 71, 65, 12, 74230),
(121, '2019-04-14', '2018-08-02', 34, 30, 19, 29964),
(122, '2019-01-12', '2018-09-18', 95, 90, 17, 36109),
(123, '2018-12-14', '2018-02-16', 140, 28, 1, 53914),
(124, '2018-02-10', '2018-09-08', 2, 69, 20, 30860),
(125, '2017-12-28', '2018-01-25', 101, 143, 137, 26273),
(126, '2018-02-20', '2019-10-15', 100, 74, 95, 42281),
(127, '2018-06-22', '2019-03-13', 132, 25, 43, 16784),
(128, '2019-08-22', '2018-01-27', 77, 125, 5, 41453),
(129, '2019-08-20', '2019-11-15', 125, 149, 107, 28164),
(130, '2018-01-20', '2018-01-14', 19, 105, 133, 21543),
(131, '2019-10-07', '2019-01-23', 136, 101, 126, 61879),
(132, '2017-12-01', '2018-09-06', 115, 104, 48, 14299),
(133, '2019-07-28', '2018-10-15', 19, 13, 5, 9092),
(134, '2017-11-25', '2018-05-12', 139, 51, 102, 63992),
(135, '2018-07-08', '2019-01-19', 14, 87, 37, 41823),
(136, '2018-10-04', '2018-02-11', 145, 129, 64, 21813),
(137, '2017-10-15', '2019-06-13', 68, 28, 34, 71839),
(138, '2017-12-25', '2018-10-26', 54, 134, 81, 64882),
(139, '2017-12-19', '2018-08-05', 57, 29, 137, 2556),
(140, '2018-10-20', '2017-12-27', 52, 111, 98, 46646),
(141, '2019-02-23', '2019-07-22', 84, 38, 67, 61263),
(142, '2018-06-10', '2019-04-27', 26, 70, 6, 72821),
(143, '2018-10-22', '2018-11-02', 122, 54, 109, 51026),
(144, '2018-04-28', '2018-07-12', 26, 33, 94, 13052),
(145, '2018-01-05', '2019-07-06', 45, 110, 8, 70374),
(146, '2017-10-13', '2018-03-11', 92, 72, 6, 32312),
(147, '2019-03-27', '2018-08-05', 88, 147, 97, 51507),
(148, '2017-12-16', '2018-08-06', 28, 129, 38, 43666),
(149, '2018-11-22', '2018-09-23', 54, 4, 16, 11132),
(150, '2019-01-28', '2019-01-07', 96, 104, 34, 73183);

--
-- Indexes for dumped tables
--

--
-- Indexes for table `aircraft`
--
ALTER TABLE `aircraft`
  ADD PRIMARY KEY (`Aircraft_ID`);

--
-- Indexes for table `airfare`
--
ALTER TABLE `airfare`
  ADD PRIMARY KEY (`Airfare_Id`);

--
-- Indexes for table `branches`
--
ALTER TABLE `branches`
  ADD PRIMARY KEY (`Branch_Id`);

--
-- Indexes for table `contact_details`
--
ALTER TABLE `contact_details`
  ADD PRIMARY KEY (`Contact_id`);

--
-- Indexes for table `countries`
--
ALTER TABLE `countries`
  ADD PRIMARY KEY (`Country_ID`);

--
-- Indexes for table `employee`
--
ALTER TABLE `employee`
  ADD PRIMARY KEY (`Employee_ID`);

--
-- Indexes for table `passengers`
--
ALTER TABLE `passengers`
  ADD PRIMARY KEY (`Passenger_ID`);

--
-- Indexes for table `route`
--
ALTER TABLE `route`
  ADD PRIMARY KEY (`Route_ID`);

--
-- Indexes for table `states`
--
ALTER TABLE `states`
  ADD PRIMARY KEY (`State_Id`);

--
-- Indexes for table `transactions`
--
ALTER TABLE `transactions`
  ADD PRIMARY KEY (`Transaction_Id`);
COMMIT;

/*!40101 SET CHARACTER_SET_CLIENT=@OLD_CHARACTER_SET_CLIENT */;
/*!40101 SET CHARACTER_SET_RESULTS=@OLD_CHARACTER_SET_RESULTS */;
/*!40101 SET COLLATION_CONNECTION=@OLD_COLLATION_CONNECTION */;
